date,dayToDay
2002-10-01,0.0
2002-10-02,-0.008522727272727293
2002-10-04,-0.0021287919105907878
2002-10-07,0.0
2002-10-10,0.0021407546160022717
2002-10-11,0.008569388240894926
2002-10-14,-0.010729613733905685
2002-10-15,0.02786438035853467
2002-10-16,0.002140945584299669
2002-10-17,-0.0021392134276780887
2002-10-18,-0.00570293803146793
2002-10-23,0.010638297872340495
2002-10-25,0.0007066612117380133
2002-10-28,0.01480593647548212
2002-10-29,0.01406234305420695
2002-10-31,-0.0020925577727908267
2002-11-01,-0.0055623153137494
2002-11-04,-0.007628082438767336
2002-11-06,-0.0027595370110125032
2002-11-08,0.0
2002-11-12,-0.015095508975409013
2002-11-15,0.0034168793841578005
2002-11-18,0.0006824740659854277
2002-11-19,-0.006135666401545281
2002-11-20,0.017698789417522117
2002-11-21,0.0
2002-11-22,-0.004752537297843196
2002-11-25,0.0040684861840990525
2002-11-26,-0.0040640333052486275
2002-12-03,0.005395036566358979
2002-12-04,-0.009433271323734171
2002-12-05,0.004039188724647702
2002-12-09,-0.004031705109569073
2002-12-10,-0.005371723248818183
2002-12-11,0.0
2002-12-12,0.0
2002-12-16,-0.003346892539004109
2002-12-18,0.0
2002-12-19,0.002662911278965674
2002-12-20,0.03521729685523334
2002-12-23,0.021871574600423327
2002-12-24,0.032366652693621815
2002-12-27,-0.011796733212341204
2002-12-30,-0.0006528480496166277
2002-12-31,-0.0013013338672138721
2003-01-02,0.0
2003-01-03,-0.025209770650755026
2003-01-06,0.0019335886661955293
2003-01-07,-0.003857089875138886
2003-01-08,-0.0006412786108920264
2003-01-09,0.0
2003-01-13,-0.005733397037744893
2003-01-14,0.0
2003-01-16,0.0
2003-01-17,-0.006336054587547046
2003-01-22,-0.017709663686675148
2003-01-23,0.0025293059000923712
2003-01-27,-0.004421661281309941
2003-01-28,0.0
2003-01-30,0.018281668626571542
2003-01-31,-0.0044091283492417865
2003-02-03,0.0018883455188107856
2003-02-07,0.0037667511771097843
2003-02-10,0.003137406330320558
2003-02-11,-0.0018812406540928968
2003-02-14,-0.0018789521228546047
2003-02-18,0.0031310966063730072
2003-02-20,0.0
2003-02-21,-0.008761267495456916
2003-02-26,0.007509386733416834
2003-03-03,0.0006250150243996
2003-03-05,-0.011241757845810165
2003-03-06,0.008742854397847943
2003-03-07,0.01810563219632844
2003-03-10,0.0
2003-03-11,-0.0012480798771121735
2003-03-13,0.015629132703358972
2003-03-14,0.009388089162775115
2003-03-17,-0.0018789973862665121
2003-03-18,-0.011282545805207269
2003-03-19,0.0043918389015576995
2003-03-20,0.004395657476844339
2003-03-21,0.005653334621842586
2003-03-24,-0.005654700772084187
2003-03-25,0.00879864636209815
2003-03-26,-0.00314267756128217
2003-03-27,-0.005657708628005631
2003-03-28,0.014462085394019275
2003-03-31,-0.011945206804415465
2003-04-01,0.006287483072161093
2003-04-02,0.0018864273967300613
2003-04-04,0.015716997328110494
2003-04-08,0.0
2003-04-09,-0.0025060844839635
2003-04-10,0.006884018726456498
2003-04-14,-0.0062418975368510035
2003-04-16,-0.005603247009805745
2003-04-17,0.0018652924084990863
2003-04-21,0.004967579379768994
2003-04-22,-0.001240250912299956
2003-04-23,-0.010528447054059642
2003-04-28,-0.002466822424364468
2003-04-29,0.002463170858793995
2003-04-30,0.011680834210184177
2003-05-02,0.014073402915877331
2003-05-06,0.0006083152008611313
2003-05-07,0.021833704615169203
2003-05-08,-0.0024173116705017428
2003-05-13,0.0
2003-05-14,0.0011923460555128829
2003-05-15,-0.007725361126348362
2003-05-16,0.002962254047464419
2003-05-21,0.014676661849710946
2003-05-22,-0.005267363729473562
2003-05-28,0.005798588266779703
2003-06-02,-0.0051697854759957815
2003-06-03,-0.014313397339910106
2003-06-04,0.014271599516961218
2003-06-05,-0.003414538052399996
2003-06-06,-0.018724834411793626
2003-06-10,0.0
2003-06-11,0.014079473211094597
2003-06-12,-0.008985657508208122
2003-06-17,-0.011708697889861064
2003-06-19,-0.0005552352275397522
2003-06-20,-0.003879893835871951
2003-06-24,0.0
2003-06-26,0.0
2003-07-01,-0.0021902345025113235
2003-07-03,0.004913334243210055
2003-07-07,0.00327102313829497
2003-07-10,0.0
2003-07-11,0.017889721750190324
2003-07-14,0.0010824538395886039
2003-07-15,0.008105327694241994
2003-07-16,-0.0005395086321380305
2003-07-18,0.0005385085384670418
2003-07-22,0.012907229289481958
2003-07-23,0.06396460652670521
2003-07-24,-0.0032193158953721657
2003-07-25,0.0037494077171875695
2003-07-28,-0.00641625451142902
2003-07-31,0.0074456660700588095
2003-08-01,0.001592291675172608
2003-08-04,-0.012177489970879972
2003-08-06,-0.005276241692455885
2003-08-07,0.010535379628222595
2003-08-11,0.001049826374868723
2003-08-12,-0.00628873771730909
2003-08-13,0.00784984652543663
2003-08-14,0.0
2003-08-15,-0.005217426203519837
2003-08-18,-0.0026042710044473787
2003-08-19,0.01092262142914302
2003-08-22,-0.006714409161791446
2003-08-25,-0.021116437542094246
2003-08-27,-0.02000019724060409
2003-08-29,-0.014308035494934312
2003-09-02,0.008162704680800936
2003-09-03,0.01425997022643588
2003-09-04,-0.00203303684879308
2003-09-09,0.011624968410411718
2003-09-10,-0.011603651851636032
2003-09-11,0.002518476902660716
2003-09-12,-0.007543374402816161
2003-09-15,0.0075323019873688715
2003-09-18,0.0049937098462514715
2003-09-23,0.004467268666119351
2003-09-24,0.005449175955034691
2003-09-25,-0.004945034044657515
2003-09-26,-0.004443178581600593
2003-09-29,0.002957906712172997
2003-09-30,0.0044302659106184574
2003-10-01,0.0
2003-10-06,0.002447035792604302
2003-10-07,0.016638747200210746
2003-10-08,0.004891585532195153
2003-10-10,-0.0009771497294046585
2003-10-14,-0.0004880200463619477
2003-10-20,0.002435300619128333
2003-10-22,-0.007296129309861009
2003-10-23,-0.0009723170127429182
2003-10-24,0.0
2003-10-27,-0.0033994863413495673
2003-10-30,0.0019395205281464989
2003-10-31,0.006783324947354563
2003-11-04,0.008231295684156703
2003-11-06,0.0
2003-11-07,0.016951520514134066
2003-11-10,-0.007743857036485391
2003-11-11,-0.00048355000092992206
2003-11-12,0.010627723121800936
2003-11-14,0.0
2003-11-17,0.0004808670402633997
2003-11-18,-0.010083195597373916
2003-11-19,0.0023968435414285505
2003-11-24,-0.010500229463056288
2003-11-25,-0.0009532975846739957
2003-11-28,0.000950544277997567
2003-12-01,0.011865536094048057
2003-12-02,0.0
2003-12-04,0.0
2003-12-08,0.0
2003-12-10,0.0
2003-12-11,0.0037551226733585352
2003-12-15,0.0
2003-12-16,0.0
2003-12-17,-0.0004668450254070589
2003-12-18,-0.00559375364176673
2003-12-22,-0.006509706437276996
2003-12-26,0.003246724287103153
2003-12-29,0.00787871765848802
2003-12-30,0.018057645560828783
2004-01-05,-0.010146791431992595
2004-01-06,0.0023035350403118877
2004-01-09,0.0009189227398034293
2004-01-12,-0.0027543345457115014
2004-01-14,0.0
2004-01-16,0.002288248961487049
2004-01-20,0.003658976366179178
2004-01-21,0.0
2004-01-22,-0.004565568588888125
2004-01-23,0.0018248655477667297
2004-01-26,0.00045586043657408476
2004-01-27,-0.0031894852135816447
2004-01-28,0.00910770739738498
2004-02-02,0.011371787470039751
2004-02-04,0.003637603728543715
2004-02-09,0.0
2004-02-10,0.0040855521606285574
2004-02-11,0.002722061787312824
2004-02-13,0.0
2004-02-19,0.02170566904072424
2004-02-20,0.01400132022374312
2004-02-26,-0.009881320503740021
2004-03-02,-0.007172661126245704
2004-03-05,-0.0049242424242426095
2004-03-08,-0.0058160543749461455
2004-03-09,0.0017888933802343574
2004-03-16,0.0
2004-03-18,0.0008925965978336947
2004-03-22,-0.007586289755076026
2004-03-25,-0.012033735600658124
2004-03-26,0.009355963570002679
2004-03-29,-0.00267148447199661
2004-03-30,0.0031149982028856327
2004-03-31,-0.002668354343772883
2004-04-01,-0.004000239330558264
2004-04-02,-0.004442697742767843
2004-04-05,0.012435835020199735
2004-04-06,-0.001331694324933519
2004-04-07,-0.011090825328032405
2004-04-12,-0.0008865928407628676
2004-04-13,-0.007089539520774402
2004-04-14,-0.03499953140841594
2004-04-16,0.04706605642461914
2004-04-19,-0.01600314591757357
2004-04-20,-0.0017806999520579847
2004-04-21,-0.008471451722157129
2004-04-22,0.009379106579975871
2004-04-23,0.021469305602146996
2004-04-29,-0.03504073398933905
2004-04-30,-0.00045001774108399667
2004-05-03,0.0
2004-05-04,-0.006324495256628593
2004-05-06,0.0
2004-05-07,-0.0004557885141294183
2004-05-12,0.01377568591436118
2004-05-13,-0.003680438821551668
2004-05-14,0.015672091621458658
2004-05-18,0.006469960895840732
2004-05-24,-0.011598030119192028
2004-05-26,0.0023233162658946593
2004-05-27,0.004185148089855485
2004-05-28,-0.006514075055029656
2004-06-01,0.017693726606851756
2004-06-02,-0.006520609784497422
2004-06-03,0.0
2004-06-04,0.0
2004-06-07,0.0
2004-06-08,0.007469721591266131
2004-06-09,-0.003270352101919949
2004-06-10,0.00327211599831001
2004-06-14,-0.0004677562989681139
2004-06-15,0.0004680468046803776
2004-06-16,0.00796217068227889
2004-06-17,0.00234291223991423
2004-06-18,-0.0032812007031144397
2004-06-22,0.0028152746697467372
2004-06-23,-0.0037559702772738133
2004-06-24,0.0028182499751597807
2004-06-25,-0.0014097871763589787
2004-06-29,0.023044850633552442
2004-06-30,-0.012217603470088491
2004-07-01,0.0
2004-07-02,0.0070247487301414715
2004-07-06,0.0
2004-07-07,0.0
2004-07-08,0.0
2004-07-09,0.004185709558264583
2004-07-13,0.013454435145696886
2004-07-14,0.0004634291978218297
2004-07-15,0.003240798447265769
2004-07-16,-0.0069324706258775395
2004-07-19,-0.00046141832895574275
2004-07-20,0.0009213568751826883
2004-07-21,0.007358013336399183
2004-07-22,-0.005967145391792439
2004-07-23,-0.0022910113052596603
2004-07-26,0.0
2004-07-27,0.0013698750428086106
2004-07-28,-0.001367413484800739
2004-07-29,0.0009102366615320047
2004-07-30,0.0063615232702424205
2004-08-04,-0.0009051900463910023
2004-08-05,0.005875195550147705
2004-08-06,0.01083417975362655
2004-08-09,-0.01307291531212873
2004-08-11,0.0013482796470273286
2004-08-12,0.004486897396736689
2004-08-13,0.0
2004-08-17,0.004465589200144282
2004-08-18,0.0035669270409081077
2004-08-25,0.006193688903257666
2004-08-26,-0.019432978307768245
2004-08-27,0.004410741852850952
2004-08-30,0.009249612481894487
2004-08-31,0.0030787969009034018
2004-09-02,-0.016225743609637574
2004-09-03,0.01401487395878065
2004-09-07,0.009620640647206802
2004-09-08,-0.004365309223394842
2004-09-09,0.0
2004-09-10,0.008702055023763311
2004-09-15,-0.02121053201142109
2004-09-16,0.01210237143308357
2004-09-17,0.018987867018539828
2004-09-20,0.013782478692652369
2004-09-21,-0.0021487603305785363
2004-09-22,0.012864706173409624
2004-09-23,-0.011551277304701957
2004-09-29,0.0
2004-09-30,-0.015213946117274226
2004-10-01,0.0
2004-10-04,0.015144528311045291
2004-10-05,-0.013848761197643444
2004-10-06,0.0033496791232858762
2004-10-07,0.010443025264088024
2004-10-08,-0.02499919874362999
2004-10-11,0.02494802494802495
2004-10-14,-0.007425389118949076
2004-10-18,0.012314784846499284
2004-10-19,0.01228298098500058
2004-10-20,0.0
2004-10-22,0.0020306788715672708
2004-10-27,0.028221429679019968
2004-11-01,0.0
2004-11-02,-0.02388187656437757
2004-11-03,0.0
2004-11-04,0.0
2004-11-05,0.0
2004-11-08,-0.01889491971930135
2004-11-09,0.007070180606857156
2004-11-11,-0.0019546814621018704
2004-11-12,-0.0163883990545155
2004-11-15,0.003896094165598996
2004-11-16,0.0
2004-11-22,0.0
2004-11-23,0.0030869007071674393
2004-11-24,0.004238073010439547
2004-11-26,0.0
2004-11-29,0.0
2004-12-01,0.003447158304116016
2004-12-02,-0.0019130166064558198
2004-12-03,-0.0015291756419963944
2004-12-07,0.0
2004-12-08,0.0
2004-12-09,0.0
2004-12-13,0.0182648401826484
2004-12-14,-0.01710751414659839
2004-12-15,0.0
2004-12-16,0.0
2004-12-17,0.0
2004-12-20,0.020085853175037083
2004-12-21,0.0
2004-12-23,0.0
2004-12-27,-0.020372627546578315
2004-12-28,0.010558222505837378
2004-12-30,0.0
2004-12-31,0.007147249249466525
2005-01-03,-0.0015033789888332374
2005-01-06,-0.04466709014263448
2005-01-07,0.018403490018201296
2005-01-11,0.0
2005-01-12,-0.021062224697483645
2005-01-14,0.0
2005-01-19,0.0
2005-01-21,0.017787222893407728
2005-01-24,0.0
2005-01-25,0.0030306562536425163
2005-01-26,-0.007579677717933997
2005-01-31,-0.023865548667215464
2005-02-02,0.0
2005-02-08,-0.002648081595832963
2005-02-09,0.0
2005-02-10,0.0
2005-02-11,0.00377978397080847
2005-02-14,0.0
2005-02-15,-0.005287508261731633
2005-02-17,0.004528827730360563
2005-02-18,-0.004526331060496158
2005-02-23,0.018094955016347725
2005-02-24,0.0
2005-02-28,-0.016176055675726664
2005-03-02,-0.0052631578947366356
2005-03-04,0.007136511055091277
2005-03-07,0.0
2005-03-08,0.007880721100414156
2005-03-09,0.007502416643822896
2005-03-10,0.0
2005-03-11,-0.010117168922132436
2005-03-15,-0.0071094992408380344
2005-03-16,0.007108731940367319
2005-03-17,0.0
2005-03-21,0.0
2005-03-23,0.0
2005-03-29,-0.011199574990487626
2005-03-31,0.03135160741586096
2005-04-01,-0.05446276130217065
2005-04-04,-0.010823458482562607
2005-04-05,-0.009712225047770806
2005-04-06,-0.004861245945965376
2005-04-08,0.001873225838989079
2005-04-11,0.0015002127705612267
2005-04-12,-0.003379256563555977
2005-04-13,0.005262092693786746
2005-04-15,-0.016576346828179656
2005-04-18,0.009052859122133716
2005-04-19,0.0
2005-04-22,0.03639943125888667
2005-04-26,-0.011014696000233748
2005-04-27,-0.0015208680646954242
2005-04-29,-0.008386297493640615
2005-05-02,-0.007254677357770189
2005-05-03,-0.002294826343429479
2005-05-04,0.016093376956406447
2005-05-05,-0.014584317430325957
2005-05-09,0.0007703589576451009
2005-05-10,0.00424596929837584
2005-05-12,0.005040224871571297
2005-05-13,-0.0027193198712058826
2005-05-16,0.005838935217762242
2005-05-18,-0.009767532721234541
2005-05-19,0.0
2005-05-20,-0.003924350595444714
2005-05-23,0.003933999591469339
2005-05-27,0.03375256771513446
2005-06-01,-0.019122480406352785
2005-06-02,0.007186235594898949
2005-06-03,0.023601815524271097
2005-06-07,-0.0032094803110727104
2005-06-08,0.0
2005-06-09,0.002814396721691703
2005-06-13,-0.0012076266266189961
2005-06-16,0.0
2005-06-22,-0.0040255779026738825
2005-06-23,0.0020117921973413773
2005-06-24,0.002010780879020624
2005-06-27,-0.006430569940177211
2005-06-28,-0.01406154630652634
2005-06-29,0.0016066614656150555
2005-06-30,0.005218505623789116
2005-07-01,0.02327052759903081
2005-07-06,-0.013615605578701784
2005-07-08,0.0100040016006403
2005-07-12,0.005996217770329436
2005-07-13,0.006790336828359722
2005-07-14,0.0
2005-07-19,-0.019850510387161343
2005-07-21,0.017423221316032026
2005-07-22,0.0023716857212356945
2005-07-25,-0.0011837103248375502
2005-07-26,0.0
2005-07-27,0.0007863180656575429
2005-07-29,-0.010968150179287095
2005-08-03,0.008577190969957349
2005-08-04,-0.0015565716509386984
2005-08-05,-0.01747794716282125
2005-08-09,0.00619550081539344
2005-08-11,-0.00038593991212443335
2005-08-12,-0.014265377543152047
2005-08-15,-0.004237476479042268
2005-08-17,0.01883640127153097
2005-08-18,0.0
2005-08-22,0.0
2005-08-23,0.001148934289796677
2005-08-24,0.0019131010632427172
2005-08-25,0.0011467468409328552
2005-08-31,0.011431335048033509
2005-09-02,0.0019028520825252746
2005-09-06,0.0034232547252618373
2005-09-08,0.0
2005-09-13,-0.009476185616608124
2005-09-14,0.0
2005-09-15,-0.0026492572618033172
2005-09-26,0.0
2005-09-27,-0.0018894387640164825
2005-09-28,-0.011339269489369476
2005-10-03,0.0056764014525765285
2005-10-04,0.0018924781273201847
2005-10-06,0.010987089441319542
2005-10-07,0.00227382045563862
2005-10-10,0.01743668994474501
2005-10-11,-0.011749784976019306
2005-10-12,-0.001516322335136433
2005-10-13,0.0018953476504978142
2005-10-14,0.0
2005-10-18,-0.004927508765280031
2005-10-19,-0.004169734434570804
2005-10-20,0.017055020662813503
2005-10-24,0.0
2005-10-26,0.005685669924992864
2005-10-27,0.0
2005-10-28,0.014015151515151536
2005-10-31,-0.004542509590955701
2005-11-02,0.0
2005-11-03,0.0
2005-11-04,0.003025872666041041
2005-11-08,0.0
2005-11-11,0.0030195252957827545
2005-11-14,0.0
2005-11-18,-0.007507236542917628
2005-11-21,0.025507848568790403
2005-11-23,0.0
2005-11-29,0.0
2005-12-01,0.0
2005-12-02,0.0
2005-12-05,0.002599962857673499
2005-12-06,-0.0025970319634702754
2005-12-07,-0.0033348772579897545
2005-12-09,0.005176079120066568
2005-12-12,0.0
2005-12-13,0.0003687237195713067
2005-12-14,-0.0003682119768024794
2005-12-15,0.006250972294898793
2005-12-16,0.0
2005-12-23,-0.0036540204765687094
2005-12-28,0.0003648482722330426
2005-12-29,-0.0010936470324309775
2006-01-04,0.0
2006-01-05,-0.011999832170179523
2006-01-06,0.018905256975857987
2006-01-09,0.0
2006-01-11,0.0
2006-01-12,0.0
2006-01-17,0.0036199095022625416
2006-01-18,0.0
2006-01-20,0.0
2006-01-23,-0.0036111111111110095
2006-01-24,0.006857682269976072
2006-01-25,0.0003607003135318587
2006-01-26,-0.004686081091385574
2006-01-27,0.0
2006-02-01,0.021287077189939274
2006-02-02,0.005772766695576803
2006-02-03,0.0
2006-02-06,0.0007212655436191763
2006-02-07,-0.021987619833221173
2006-02-08,-0.0014423810382371285
2006-02-09,0.016955502213095497
2006-02-10,0.003607979184735433
2006-02-13,0.01731914125924594
2006-02-14,-0.005409003911125865
2006-02-15,0.001441691214694174
2006-02-16,0.02522050621158889
2006-02-17,-0.0003599886465117663
2006-02-21,0.0
2006-02-24,0.025156711105582152
2006-02-27,-0.0240654270162739
2006-02-28,0.05064585204116878
2006-03-01,0.003588458963901364
2006-03-02,-0.04230061286252984
2006-03-03,0.013619320688134096
2006-03-06,0.00214964861513034
2006-03-07,0.001790658273529977
2006-03-08,0.0
2006-03-09,0.0
2006-03-10,-0.0050044338734180896
2006-03-13,0.0
2006-03-14,0.0
2006-03-16,0.0
2006-03-17,0.008908258641010858
2006-03-20,0.03238655807268498
2006-03-21,-0.014212989852745215
2006-03-22,0.01774259587825855
2006-03-23,0.0
2006-03-24,0.005304534697097464
2006-03-27,-0.02436093288522234
2006-03-29,0.0
2006-03-30,-0.027052043429204756
2006-03-31,0.0108764590783349
2006-04-04,0.0
2006-04-05,-0.0020978879916084825
2006-04-06,0.0010479786104878872
2006-04-10,0.0
2006-04-11,-0.008709109058143259
2006-04-12,0.0
2006-04-13,0.006956289087321489
2006-04-17,0.012851598768277128
2006-04-18,-0.0013871290430145233
2006-04-21,0.0
2006-04-26,0.0
2006-04-27,0.005845169139622852
2006-05-03,-0.0023991089024075762
2006-05-05,0.008563504976713876
2006-05-08,0.0
2006-05-09,-0.02461765053982612
2006-05-15,-0.003748803921825639
2006-05-17,0.0003404567358055166
2006-05-19,-0.020745178315664248
2006-05-22,0.009521505130234087
2006-05-23,0.01291849449852567
2006-05-25,0.0
2006-05-26,0.002036965704548699
2006-05-30,0.004750717828243212
2006-05-31,-0.01187237845489464
2006-06-01,-0.005765756364181972
2006-06-02,0.015603493825791404
2006-06-05,-0.012216609890755237
2006-06-06,0.005092281276726229
2006-06-07,0.0
2006-06-08,0.0003399114922768565
2006-06-09,-0.028232954582622094
2006-06-13,-0.02044842343966069
2006-06-14,-0.01740717159716709
2006-06-15,-0.0023923916686932056
2006-06-16,0.008557754971726506
2006-06-19,0.0030836946351620047
2006-06-20,0.00034293552812081346
2006-06-21,0.0
2006-06-22,0.011679603633360848
2006-06-26,-0.00206323279482068
2006-06-27,0.0
2006-06-28,0.0
2006-06-29,-0.001032592867166171
2006-07-03,-0.011028924414751229
2006-07-05,0.0
2006-07-11,0.0
2006-07-12,0.0
2006-07-14,0.0
2006-07-17,0.0
2006-07-20,0.0
2006-07-21,-0.003477446751596558
2006-07-24,0.010443165082340332
2006-07-26,-0.003485091182049205
2006-07-27,-0.012906082091804771
2006-07-28,0.005936471694311885
2006-08-02,0.014350137982095943
2006-08-07,-0.018904762545949083
2006-08-08,0.008057561711760308
2006-08-10,0.01472481981647922
2006-08-16,-0.0112301919390978
2006-08-17,-0.00877992773444092
2006-08-18,-0.008785624015841266
2006-08-22,0.0
2006-08-23,0.0
2006-08-24,0.004228444420350752
2006-08-25,-0.0007051277705079072
2006-08-29,0.014102077344470332
2006-08-30,0.0
2006-08-31,-0.004579294273849843
2006-09-01,0.002817492837743685
2006-09-05,0.0
2006-09-06,0.0017600985655196189
2006-09-08,0.0
2006-09-14,0.01479153685693391
2006-09-18,0.0
2006-09-19,0.0
2006-09-20,0.018312215141438992
2006-09-26,0.014792739095096262
2006-09-27,0.0
2006-09-28,0.0010557803976772864
2006-10-02,0.0
2006-10-03,0.0
2006-10-04,0.0
2006-10-05,-0.014417679916685744
2006-10-10,-0.00035188393243834604
2006-10-11,0.002463237533243512
2006-10-13,0.0
2006-10-16,0.007043684388757131
2006-10-17,0.0
2006-10-19,-0.0059983850501788005
2006-10-25,0.0
2006-10-27,-0.005302299022473589
2006-10-30,-0.007070933703197556
2006-11-03,-0.006006781411593609
2006-11-07,-0.0070645934801953905
2006-11-08,0.0
2006-11-10,0.0
2006-11-13,-0.008479240129634523
2006-11-14,0.0
2006-11-15,0.0017678175612276805
2006-11-16,0.009195840106650088
2006-11-21,-0.007077959642018517
2006-11-22,0.0
2006-11-24,0.010626341064677523
2006-11-27,-0.005314437555358653
2006-11-28,-0.0053162486368592
2006-11-30,0.009934497816593836
2006-12-01,-0.009581328692803705
2006-12-05,-0.0010657266411164825
2006-12-11,0.0
2006-12-13,0.0
2006-12-14,0.002140270003292644
2006-12-18,0.0046406260726298285
2006-12-19,0.0
2006-12-21,-0.0025004121558498404
2006-12-27,-0.004645313799193307
2006-12-28,0.0
2006-12-29,-0.0003573711230386856
2007-01-03,-0.007506289610800244
2007-01-04,0.0
2007-01-05,0.0
2007-01-08,0.009301749582040551
2007-01-10,0.0
2007-01-11,0.0017910653394414
2007-01-12,0.00035834883881191715
2007-01-16,0.0035854403541312205
2007-01-17,-0.002152065500044875
2007-01-18,-0.002870212575118769
2007-01-19,0.0010767457430581606
2007-01-24,-0.0014371290583350405
2007-01-25,0.004313234857020397
2007-01-26,0.0032355970990244343
2007-01-29,-0.0075508228460794405
2007-01-30,0.001438669783784485
2007-02-01,0.00359796853161376
2007-02-02,0.0017990340570985808
2007-02-05,0.0017990838511465765
2007-02-07,0.003959820285079353
2007-02-08,-0.0061203154316415995
2007-02-09,0.0
2007-02-12,-0.003240660596198541
2007-02-13,0.0
2007-02-15,-0.003242142307878781
2007-02-16,-0.0054032710571707545
2007-02-21,0.001441251671643995
2007-02-22,0.0039634146341462895
2007-02-23,0.002521910832438468
2007-02-26,0.00036021807047792453
2007-03-05,0.0
2007-03-06,0.0
2007-03-07,-0.01873250755119571
2007-03-08,-0.01694010660345313
2007-03-09,-0.015150779391055247
2007-03-13,-0.007230105045084034
2007-03-14,-0.010496057018368088
2007-03-15,0.0025370450395193482
2007-03-19,0.014170323374046225
2007-03-20,-0.010910845800373492
2007-03-22,0.013119809370291335
2007-03-23,0.0
2007-03-26,-0.0010951749120702292
2007-03-27,-0.013518165913705804
2007-03-30,-0.003665766673951243
2007-04-02,-0.0007340900107288827
2007-04-03,0.0018375207604509614
2007-04-04,0.0007358612052557056
2007-04-05,0.0
2007-04-09,0.0
2007-04-10,-0.02732488780321529
2007-04-11,0.011836339839526587
2007-04-12,0.00815023795275138
2007-04-17,-0.009298599487861823
2007-04-18,0.0
2007-04-19,-0.012681471280197476
2007-04-23,-0.04603757287842791
2007-04-25,0.019175843643121082
2007-04-26,0.055350793984113016
2007-04-27,0.007533502354219456
2007-04-30,-0.01582287651780789
2007-05-01,0.015453306659708343
2007-05-02,0.0
2007-05-03,0.0030177948334771947
2007-05-04,-0.017733403957364224
2007-05-07,-0.0011325932755905654
2007-05-08,-0.010577705451586759
2007-05-09,-0.04121582315299599
2007-05-10,0.014015559893936323
2007-05-14,0.0
2007-05-15,0.0
2007-05-16,0.0
2007-05-18,-0.03437158028481413
2007-05-22,0.004982237879748164
2007-05-23,0.0
2007-05-24,0.0
2007-05-29,0.0
2007-05-30,0.0
2007-05-31,-0.00769874229200429
2007-06-01,-0.001540763566867609
2007-06-04,0.0
2007-06-05,0.0
2007-06-06,0.0042477981256219275
2007-06-07,0.005411553071130726
2007-06-08,0.0
2007-06-14,-0.01786461134014461
2007-06-15,-0.010497588694904358
2007-06-18,0.01790834699668331
2007-06-20,-0.02613222123880532
2007-06-21,0.022652336209939672
2007-06-22,-0.008600081189577669
2007-06-25,-0.0011733469722383651
2007-06-26,0.0
2007-06-27,-0.009403042426708195
2007-06-28,0.028633281286536524
2007-06-29,0.0
2007-07-02,-0.01256854540235963
2007-07-03,0.012971992289375178
2007-07-05,0.005505017278797375
2007-07-10,-0.002751177186392173
2007-07-11,-0.003932244404113883
2007-07-12,-0.006302266391952528
2007-07-13,-0.011445399071009943
2007-07-16,-0.0015816408002493618
2007-07-18,-0.026607200134410647
2007-07-19,-0.014334721881891666
2007-07-20,-0.007984461010494881
2007-07-23,-0.036829180042649234
2007-07-24,-0.008835546081543466
2007-07-25,-0.01207953911912285
2007-07-26,-0.0008078046355557423
2007-07-27,-0.020258372161879867
2007-07-30,0.019110172804754025
2007-07-31,0.009789386986704396
2007-08-01,-0.007364048338368567
2007-08-03,-0.006582486787556574
2007-08-06,-0.004124692631078064
2007-08-07,0.0062042140931108936
2007-08-08,0.01866222176142673
2007-08-10,-0.010414663846696206
2007-08-15,-0.020562980179482212
2007-08-17,0.0
2007-08-20,0.08163530914208084
2007-08-21,-0.041076925582683055
2007-08-23,0.0
2007-08-27,0.0
2007-08-29,0.0
2007-08-30,-0.007277397260273988
2007-08-31,0.0021436403960788386
2007-09-06,0.006455136799245143
2007-09-07,-0.0012921930006213336
2007-09-10,-0.015951449227299852
2007-09-14,0.01343803664615939
2007-09-18,0.0178169996907932
2007-09-20,0.014350585814997818
2007-09-21,-0.031288389700905084
2007-09-25,0.0
2007-09-28,-0.01129839632969265
2007-10-01,0.010432950736074751
2007-10-03,0.009979640198925277
2007-10-04,-0.015592074029035174
2007-10-05,0.0
2007-10-09,-0.0012897465152041931
2007-10-10,0.0
2007-10-16,-0.00042436162138792527
2007-10-17,-0.01016410799364742
2007-10-19,-0.0004218211316162623
2007-10-22,-0.023998251139592863
2007-10-26,-0.007547595816567831
2007-10-29,-0.030151725026575926
2007-10-30,0.0029282105737362674
2007-10-31,0.023816602518260236
2007-11-01,-0.03128735429318663
2007-11-02,-0.008347848422336934
2007-11-06,0.007929246721561478
2007-11-08,-0.01586027546794222
2007-11-09,0.0
2007-11-13,0.010876123209099921
2007-11-14,-0.006278423954602319
2007-11-15,0.007539813599052647
2007-11-16,-0.002096182529124801
2007-11-20,0.0029427695989263647
2007-11-21,-0.024001943477204742
2007-11-26,-0.021136492968051316
2007-11-27,-0.013984988142099251
2007-11-29,0.04047720494247986
2007-12-03,0.0
2007-12-06,-0.02474433359769579
2007-12-07,0.02616418023094924
2007-12-10,0.0
2007-12-11,0.007909614068296489
2007-12-12,-0.02337296673847056
2007-12-13,-0.018592930600013657
2007-12-17,0.0
2007-12-18,-0.029168356647882643
2007-12-20,0.03401182565014915
2007-12-24,-0.028394528944981182
2007-12-26,-0.025787940241407625
2007-12-28,-0.051224645143957526
2007-12-31,-0.008896492728827976
2008-01-02,-0.03814284549974212
2008-01-03,0.018479706949025898
2008-01-08,-0.022670142013041742
2008-01-09,-0.004365834546065095
2008-01-10,0.009752529562355172
2008-01-11,0.016681133713250532
2008-01-14,-0.034045298845230665
2008-01-16,0.0009978986557153122
2008-01-18,-0.043384621354702224
2008-01-23,-0.012755227190219598
2008-01-24,0.032341500977353
2008-01-25,-0.019606481251798424
2008-01-30,0.015194567035447191
2008-02-01,0.019579508680520046
2008-02-04,-0.017013966994539942
2008-02-06,-0.0075139855087422705
2008-02-08,0.0070370486035205015
2008-02-13,0.009824914976697352
2008-02-15,0.0
2008-02-22,0.00945596132041171
2008-02-26,-0.022361744216048862
2008-02-27,-0.016262968315251314
2008-02-29,0.015244299674267103
2008-03-03,-0.00905528950805401
2008-03-04,0.0017037635700399845
2008-03-05,0.011397634990739423
2008-03-06,-0.02742344836678856
2008-03-07,0.009735468381753765
2008-03-10,0.012636834605485479
2008-03-11,-0.017855956046877397
2008-03-12,0.004041839703302297
2008-03-13,-0.002313656132857389
2008-03-14,-0.015663699042773867
2008-03-17,-0.012207937395192658
2008-03-18,0.008738125112027206
2008-03-19,0.004665036894161867
2008-03-20,-0.015181970287356794
2008-03-24,0.005844732434893141
2008-03-25,0.0
2008-03-26,0.009963033089892548
2008-03-27,0.0
2008-03-28,-0.016439717272994203
2008-03-31,0.0
2008-04-02,-0.00353501019714475
2008-04-03,0.0
2008-04-04,0.005904796511627786
2008-04-08,0.013001329681444629
2008-04-10,0.005915813424345885
2008-04-15,-0.0017763202842113746
2008-04-17,-0.014818192180553913
2008-04-21,-0.008904414534744332
2008-04-22,-0.008315533370646609
2008-04-23,0.0023772243619780697
2008-04-24,-0.013678107023181951
2008-04-25,0.010120785391264596
2008-04-28,0.0035764641149970133
2008-04-29,-0.02327422964365633
2008-04-30,0.01614238410596025
2008-05-01,0.007184056919835702
2008-05-02,0.0
2008-05-05,-0.03298769305297622
2008-05-06,0.02702421785677156
2008-05-07,0.0
2008-05-08,0.0024069616737640853
2008-05-09,0.010846514861811207
2008-05-12,0.0
2008-05-13,0.001206524513329699
2008-05-14,-0.03137946640981304
2008-05-15,0.06162783942369132
2008-05-21,0.0
2008-05-22,-0.014562936858933062
2008-05-28,-0.003047494022223152
2008-06-02,0.0012234718366194164
2008-06-03,0.0
2008-06-04,-0.06064032793837025
2008-06-05,0.043557254430051214
2008-06-06,-0.037453802647270606
2008-06-09,0.0
2008-06-10,0.0
2008-06-11,-0.0018513903229253614
2008-06-12,-0.035228258673354114
2008-06-13,0.022916765925008242
2008-06-16,0.001862286314583184
2008-06-18,-0.02308144486965702
2008-06-19,0.0
2008-06-20,-0.0006278070217800026
2008-06-23,0.0006298831082308665
2008-06-24,-0.03158981835854435
2008-06-26,-0.03247174639713002
2008-06-30,-0.0057794902193242246
2008-07-01,0.0
2008-07-07,0.0
2008-07-08,-0.007251980982567296
2008-07-09,0.005967941442762581
2008-07-10,-0.05133662414257323
2008-07-14,0.0
2008-07-15,-0.06718521612027573
2008-07-16,0.015034629588256188
2008-07-17,0.03027736608088072
2008-07-21,0.027860003482500503
2008-07-22,-0.017514550549687424
2008-07-23,0.01550892034054552
2008-07-28,0.036627810618197865
2008-08-04,0.0
2008-08-05,-0.0022179569204521248
2008-08-06,-0.017077907242403434
2008-08-07,0.0007457335436684698
2008-08-08,0.017975197683964942
2008-08-11,-0.11499934955119027
2008-08-12,-0.0045356088909565
2008-08-13,-0.001520378925208954
2008-08-15,0.024653312788906038
2008-08-18,-0.024806571356162044
2008-08-21,0.0
2008-08-25,0.0
2008-08-26,-0.035064596711161584
2008-08-27,0.011994095214663549
2008-08-28,-0.012841289685295855
2008-09-04,-0.019478087151953986
2008-09-05,-0.02033696791452222
2008-09-08,0.03099705088787108
2008-09-10,-0.03517161103595812
2008-09-11,0.0
2008-09-12,-0.009019805727261243
2008-09-15,0.0
2008-09-16,-0.015619565561071138
2008-09-17,-0.06988805262159259
2008-09-18,0.07575733582479527
2008-09-19,0.07658442339974025
2008-09-22,0.008221733837178058
2008-09-23,0.0
2008-09-24,0.0
2008-09-25,0.036775684043439234
2008-09-26,0.0
2008-10-01,-0.03474639482844366
2008-10-08,-0.020330289002877592
2008-10-09,0.0
2008-10-10,-0.03927925092454165
2008-10-13,0.02631370874646177
2008-10-14,0.0
2008-10-16,-0.016644527311428625
2008-10-17,-0.004175834765430597
2008-10-21,0.0008411925522104903
2008-10-22,0.0
2008-10-23,-0.03305892900806917
2008-10-24,-0.028883697374654908
2008-10-28,-0.0034156033958978593
2008-10-29,0.01541273526651188
2008-10-30,-0.022329760351462502
2008-10-31,0.039621672657401685
2008-11-03,0.041433575139854906
2008-11-04,0.0103837321529604
2008-11-05,0.0
2008-11-07,0.021852779505454837
2008-11-12,-0.052987330593390114
2008-11-13,-0.047883769312097264
2008-11-14,0.07580954994511535
2008-11-17,-0.052850080101979335
2008-11-18,0.04591174281114219
2008-11-19,-0.1039078382651908
2008-11-20,-0.0627426293148674
2008-11-21,0.046729630673808975
2008-11-25,0.02874208790229127
2008-12-01,0.004700012653880314
2008-12-04,-0.0427639393994772
2008-12-05,-0.057385642553660965
2008-12-08,0.0077095572564354065
2008-12-09,-0.0029127845099614635
2008-12-10,-0.07147833618920285
2008-12-11,0.04944469800699836
2008-12-12,0.025942129096630517
2008-12-15,0.07337534310124871
2008-12-16,-0.07981658506256317
2008-12-17,0.058833856777792966
2008-12-18,0.0
2008-12-22,0.17918676774638176
2008-12-23,0.0
2008-12-29,-0.1476777438122472
2008-12-30,0.07715744074704234
2008-12-31,0.04129360147704042
2009-01-02,0.0
2009-01-05,-0.04251585370717503
2009-01-06,0.0
2009-01-07,0.04273144529292683
2009-01-08,0.0
2009-01-12,-0.12757143718956754
2009-01-13,0.09231762427372504
2009-01-14,-0.08509262813390173
2009-01-16,-0.01797113234397241
2009-01-20,0.01592291675172497
2009-01-21,0.07360150977455937
2009-01-26,0.0
2009-01-27,0.0
2009-01-29,-0.1361171025904131
2009-02-02,0.0
2009-02-03,0.005509525121315417
2009-02-04,0.0
2009-02-09,0.0756574020583265
2009-02-10,-0.22363437961358248
2009-02-11,0.10841949143434426
2009-02-12,0.1300700808625337
2009-02-13,-0.025807565328097137
2009-02-17,-0.21601973257172524
2009-02-18,0.0
2009-02-19,0.0
2009-02-20,0.0
2009-02-23,-0.03121109727903248
2009-02-26,-0.06118754525706027
2009-02-27,0.049688310506438516
2009-03-02,-0.04758854214331465
2009-03-03,0.06590469167665225
2009-03-04,-0.0350160219198441
2009-03-09,0.0012353011046442044
2009-03-11,0.041380308182015435
2009-03-13,0.0
2009-03-16,0.0632305134377249
2009-03-18,0.0247861318080328
2009-03-25,0.00805805935070636
2009-03-26,-0.02968806768048982
2009-03-27,-0.1166253748859043
2009-03-30,0.0
2009-03-31,0.0041105636215119645
2009-04-01,0.0
2009-04-02,0.0939525985758316
2009-04-03,-0.06367968479620911
2009-04-07,0.020948595369823297
2009-04-13,0.0863058797921259
2009-04-14,0.0
2009-04-16,0.05130032062700396
2009-04-17,0.08127896454328576
2009-04-20,-0.1339178082191781
2009-04-23,0.0
2009-04-27,-0.047348380332211226
2009-04-28,-0.03576734716337415
2009-04-29,0.06870733318652289
2009-04-30,-0.008608796424038445
2009-05-01,0.0
2009-05-04,0.0
2009-05-05,0.0
2009-05-06,0.0113841606918067
2009-05-07,0.028358738036157294
2009-05-08,0.00987761526145836
2009-05-11,0.0
2009-05-12,0.0
2009-05-13,0.0
2009-05-14,0.011022787493375708
2009-05-15,-0.013685290944021931
2009-05-18,-0.04357275655293402
2009-05-19,0.0040648288081712725
2009-05-20,-0.036399460748729684
2009-05-22,-0.034697805723084896
2009-05-26,-0.017250618827672426
2009-05-28,-0.019727856745409555
2009-05-29,0.1309889666985743
2009-06-01,-0.16808238743140635
2009-06-03,0.0
2009-06-04,-0.027270002996703683
2009-06-05,0.02465685051160471
2009-06-09,-0.07764091078760704
2009-06-10,-0.037531110004977775
2009-06-11,-0.05178251344353724
2009-06-12,-0.027162827720013997
2009-06-17,-0.032328658112006366
2009-06-18,-0.027215631542219176
2009-06-19,0.046728738673522896
2009-06-22,-0.09094088842252536
2009-06-23,0.09121435373126853
2009-06-24,-0.08080200501253132
2009-06-25,0.0679414055629538
2009-06-26,-0.02096298722567957
2009-06-29,0.006571796880924019
2009-06-30,0.04875205878626632
2009-07-01,-0.05811826864458448
2009-07-02,-0.002655093183558721
2009-07-06,0.025291828793774233
2009-07-07,-0.02001591008237313
2009-07-09,-0.038932204264986885
2009-07-10,0.016180894098122622
2009-07-14,-0.023061070096261682
2009-07-15,0.0
2009-07-17,0.00962072155411664
2009-07-21,-0.05126838627158392
2009-07-23,0.02521687590926236
2009-07-27,0.11336385437104855
2009-07-29,0.11121164761043012
2009-07-30,-0.014263770024138587
2009-07-31,-0.0442358881479652
2009-08-03,0.04710791445905493
2009-08-04,-0.08561314930164897
2009-08-05,-0.01855817273376159
2009-08-06,0.011441773474888615
2009-08-07,-0.05010461402929178
2009-08-12,0.0
2009-08-14,0.0014419610670511895
2009-08-17,-0.017329963618185396
2009-08-18,-0.11430161380077908
2009-08-19,0.007259528130671654
2009-08-21,0.0953294223826714
2009-08-27,0.0
2009-08-28,0.0
2009-08-31,0.0
2009-09-01,0.0
2009-09-02,0.04841030270544755
2009-09-03,0.005859980278912547
2009-09-08,-0.061229639182483364
2009-09-09,-0.039282616602781095
2009-09-10,-0.05384227906195771
2009-09-11,0.0
2009-09-14,0.0029153701679141
2009-09-15,-0.0029209380704957604
2009-09-16,0.0
2009-09-17,-0.03802559414990858
2009-09-21,0.0
2009-09-22,0.0
2009-09-23,-0.12422011129222656
2009-09-24,-0.07025840229690927
2009-09-25,0.030823077791577225
2009-09-29,-0.03679279993207474
2009-09-30,0.0958321519705132
2009-10-02,-0.09586748730748518
2009-10-07,-0.017735838331012218
2009-10-09,-0.034162643891570754
2009-10-12,0.004484820607175699
2009-10-15,0.03530002066054716
2009-10-19,0.0
2009-10-20,-0.020448289421942656
2009-10-21,-0.023784113431925658
2009-10-23,0.0
2009-10-26,0.0
2009-10-27,-0.02943859097342338
2009-10-29,-0.02653484292776276
2009-10-30,0.0
2009-11-02,0.0
2009-11-03,0.0
2009-11-04,0.0
2009-11-06,0.17159450897571282
2009-11-10,-0.037962502074000204
2009-11-11,0.012108712285020308
2009-11-12,0.012135760485430414
2009-11-13,0.13028663058729195
2009-11-16,-0.09375939096463992
2009-11-17,0.0
2009-11-18,0.0
2009-11-23,-0.05603636975921877
2009-11-25,-0.05950257463063303
2009-11-30,0.05960689120393781
2009-12-01,-0.0613414223120996
2009-12-04,0.0
2009-12-07,-0.11870932570104607
2009-12-09,-0.03916735141057237
2009-12-10,0.0
2009-12-11,0.02690304556272216
2009-12-14,0.0
2009-12-16,0.0
2009-12-21,0.0
2009-12-22,0.0
2009-12-23,0.00921169176262171
2009-12-24,0.0
2009-12-28,-0.04429930427374695
2009-12-30,-0.007382431233363019
2009-12-31,0.018437754848774857
2010-01-04,0.0
2010-01-06,0.0
2010-01-08,0.0127687936296349
2010-01-13,0.04321778578107149
2010-01-15,0.0677617365659614
2010-01-20,0.0
2010-01-22,0.0
2010-01-25,0.005159412620717063
2010-01-26,-0.01542263964409285
2010-02-02,0.0
2010-02-03,-0.08340971585701196
2010-02-04,0.08003929916489272
2010-02-05,0.061238509601230125
2010-02-08,0.0
2010-02-10,0.0338420487455664
2010-02-12,0.11117229762560332
2010-02-16,-0.06369262506446627
2010-02-17,0.0
2010-02-22,-0.008299549909024151
2010-02-23,0.04141182466870541
2010-02-24,0.0
2010-02-25,-0.07377746949585395
2010-03-01,0.012997156871934257
2010-03-02,0.09544252605381864
2010-03-03,-0.003215632923133871
2010-03-04,-0.015993602558976416
2010-03-05,-0.04615290445002152
2010-03-08,0.006335668595796484
2010-03-09,0.052015762352227934
2010-03-10,0.015670674743091473
2010-03-11,-0.11370035344156235
2010-03-12,0.05586225418519297
2010-03-15,-0.054050843430743616
2010-03-16,0.06764827626988358
2010-03-17,-0.0612431175102317
2010-03-19,0.045676807308289165
2010-03-22,0.0
2010-03-23,-0.037828085898853565
2010-03-24,0.0679462237579489
2010-03-25,0.17475953181133386
2010-03-26,0.08091752636735637
2010-03-29,-0.005955278151573484
2010-03-30,-0.03845060007963141
2010-03-31,-0.048547260022066885
2010-04-01,0.18017408941096946
2010-04-05,0.058204611596149536
2010-04-06,-0.021681120747164773
2010-04-07,-0.035910610204137994
2010-04-08,0.001428767687869148
2010-04-09,0.08669035255534285
2010-04-13,0.03499515451706692
2010-04-14,-0.013874806553177963
2010-04-15,-0.002744859985747805
2010-04-16,-0.032632569814872836
2010-04-21,-0.05694493964243862
2010-04-27,-0.01554481590354251
2010-04-28,-0.04896300517877905
2010-04-29,-0.006414368184733954
2010-04-30,0.00639763779527569
2010-05-03,-0.05736840814925604
2010-05-04,-0.013987724060352535
2010-05-06,-0.015140853614150853
2010-05-07,0.09433277701182784
2010-05-10,0.032560267803386056
2010-05-11,0.021184308274820873
2010-05-13,0.006147008062037607
2010-05-14,0.03662487674320314
2010-05-18,-0.02534113060428833
2010-05-19,0.0012006187804484147
2010-05-20,0.05849403122130393
2010-05-21,-0.11146075614539153
2010-05-25,0.02000271530071951
2010-05-27,0.0675188609550248
2010-06-01,-0.02414380154325779
2010-06-04,0.029425207304067724
2010-06-08,0.008975769736984105
2010-06-14,-0.014610845743186163
2010-06-15,0.03264493224228249
2010-06-16,-0.01688933157222361
2010-06-18,0.0
2010-06-22,0.01825562260010971
2010-06-23,0.00228792678634282
2010-06-24,0.06546225539997352
2010-06-25,-0.039189608547235855
2010-06-28,-0.0023167227283864555
2010-06-29,0.0
2010-07-01,-0.011746368790801707
2010-07-02,0.011804231362934623
2010-07-06,0.0
2010-07-07,0.0
2010-07-08,-0.0071571123804279315
2010-07-09,-0.033481270264676954
2010-07-12,-0.01079634585217315
2010-07-14,0.004820282264605846
2010-07-16,0.02780748663101606
2010-07-19,-0.08225359975807756
2010-07-22,0.019392131269811645
2010-07-26,0.0
2010-07-29,-0.060967030905594966
2010-07-30,0.0634801389801859
2010-08-02,-0.07561330268774323
2010-08-03,0.01219540795984897
2010-08-05,0.02073511129875916
2010-08-09,0.01821706331597261
2010-08-10,0.03030020510908072
2010-08-11,-0.03625293393135198
2010-08-12,-0.01811005340143934
2010-08-13,0.024129930394431454
2010-08-16,0.036135368650251465
2010-08-18,0.0
2010-08-19,-0.023864705477409043
2010-08-20,0.0
2010-08-26,0.0
2010-08-27,0.0011627126981642588
2010-09-01,0.0
2010-09-03,0.010239355883253977
2010-09-07,-0.01246323128881155
2010-09-09,-0.016881289903690092
2010-09-10,0.02243409983174438
2010-09-13,0.003352459544839093
2010-09-14,0.002226456295090995
2010-09-15,0.04989764585465728
2010-09-16,0.0
2010-09-20,0.02730748225013657
2010-09-21,-0.022811305383217517
2010-09-23,-0.010741582317703058
2010-09-24,0.0
2010-09-27,0.0042493207215674724
2010-09-28,0.014796747967479762
2010-09-29,0.002101137442673262
2010-09-30,0.005223715669137818
2010-10-01,-0.01556202865009371
2010-10-04,-0.005158525455339236
2010-10-05,-0.005131038838017021
2010-10-08,0.011124941652404076
2010-10-12,0.0
2010-10-14,-0.010010588122052244
2010-10-18,0.0626865671641792
2010-10-19,0.006938619900876852
2010-10-21,0.00688507225542867
2010-10-25,0.062428482995366526
2010-10-27,-0.004824016179008073
2010-10-28,-0.026895723653828533
2010-10-29,-0.0335082389763417
2010-11-01,-0.01431586675231711
2010-11-02,-0.008565153733528508
2010-11-03,0.040798452724154284
2010-11-05,-0.020716381152439345
2010-11-09,0.02712181435585681
2010-11-10,-0.012110571669144754
2010-11-12,-0.004623619582807326
2010-11-15,-0.019356897224093398
2010-11-16,0.010110651536041404
2010-11-17,0.018325345362277926
2010-11-18,0.033789360917441
2010-11-22,-0.04256801476991656
2010-11-23,-0.025269880939984057
2010-11-24,0.012600823900024259
2010-11-26,0.025129010545209773
2010-12-01,0.03468919982210672
2010-12-02,0.054073404817510766
2010-12-03,-0.018541157294213573
2010-12-06,0.005276420151866246
2010-12-07,-0.02715587675409781
2010-12-08,-0.002618767836159108
2010-12-10,0.0
2010-12-13,-0.005185825410544576
2010-12-14,-0.006032182688961552
2010-12-16,0.02569804793674335
2010-12-20,0.040848389630793284
2010-12-21,-0.01441711788114031
2010-12-23,-0.025287319057885282
2010-12-28,0.010890403234900758
2010-12-29,0.0008346441526756454
2011-01-03,0.03963981132974415
2011-01-04,-0.0024682763203696108
2011-01-05,0.009842892296043848
2011-01-12,0.018652817417614157
2011-01-14,-0.0201378669351715
2011-01-18,-0.0024082993701370907
2011-01-19,0.012799409258034244
2011-01-20,0.003190037268223977
2011-01-24,-0.0007925137927879966
2011-01-25,-0.0031599416626153514
2011-01-26,0.003939334252511251
2011-01-27,0.004713275726630051
2011-01-28,0.007047449817037309
2011-02-02,-0.006969886515950208
2011-02-04,-0.006158218853623776
2011-02-07,0.01842991316675524
2011-02-09,0.01675969469227501
2011-02-10,0.016682464454976342
2011-02-14,0.003757659845068817
2011-02-15,0.018707189316755857
2011-02-16,-0.017140072802315887
2011-02-18,0.027407407407407325
2011-02-22,-0.011809626548948904
2011-02-23,0.0161771568364043
2011-02-24,-0.005858494817485349
2011-02-25,0.0466812545587163
2011-03-03,0.017172342621258885
2011-03-04,-0.010679811049496779
2011-03-07,0.0056640252702664365
2011-03-08,0.0070444477559370436
2011-03-09,-0.010510004716027588
2011-03-10,-0.006969388302149993
2011-03-11,0.028415679270682007
2011-03-15,-0.02813852813852824
2011-03-18,0.01832515401482715
2011-03-21,0.002030166187321991
2011-03-23,-0.0262398592260018
2011-03-24,-0.012752994630317982
2011-03-25,0.002009428858489759
2011-03-28,-0.00935516204477116
2011-03-29,0.050679011554096376
2011-03-30,0.0026599485913784138
2011-03-31,-0.012597862953612315
2011-04-01,-0.023137259887364703
2011-04-04,0.0197808886183809
2011-04-06,0.0
2011-04-08,-0.0052140780106286755
2011-04-11,0.0019496100779844425
2011-04-12,0.006480073773147521
2011-04-13,-0.006461232604373811
2011-04-14,0.002577607038849905
2011-04-15,0.003856851474133172
2011-04-18,0.0019234088723399934
2011-04-19,-0.001918134982601627
2011-04-20,-0.023594045078851208
2011-04-21,0.013360413047201812
2011-04-25,0.010156373979174571
2011-04-28,-0.006947734091268032
2011-04-29,-0.019559783531924117
2011-05-02,-0.05612213962625656
2011-05-03,-0.042282579674263854
2011-05-04,0.0012638384231185018
2011-05-05,0.009490782989596713
2011-05-06,0.024080234952899796
2011-05-09,-0.009513703392001194
2011-05-10,0.02159310193214292
2011-05-12,0.01973772820217701
2011-05-13,-0.02293780326422601
2011-05-16,0.021064777874617916
2011-05-17,-0.008311509473399425
2011-05-18,-0.014735233964960681
2011-05-19,-0.017977306120433134
2011-05-20,-0.01351819757365691
2011-05-24,0.01553842897518587
2011-05-25,0.0733308373892424
2011-05-27,0.016922634023005756
2011-05-31,0.00195395676244392
2011-06-01,0.0071664829106946595
2011-06-02,-0.016287461160669592
2011-06-06,0.026097867001254604
2011-06-08,0.005871430722135806
2011-06-09,-0.0032596158668072306
2011-06-10,0.01433368415777081
2011-06-13,0.030589766696705656
2011-06-14,-0.022113544546034536
2011-06-15,-0.02796118447378948
2011-06-20,0.01365136513651366
2011-06-23,-0.07796978670765076
2011-06-27,0.003907619858724565
2011-06-28,-0.0013043532790690815
2011-06-30,0.0006539153179663247
2011-07-01,0.020955331393957773
2011-07-05,0.0006555558357076442
2011-07-07,0.0
2011-07-08,0.0032851511169513787
2011-07-12,0.0013167390451109815
2011-07-13,0.015813482007095758
2011-07-14,-0.0026365157430410235
2011-07-15,-0.014501020395228938
2011-07-18,-0.008561622148764547
2011-07-20,-0.01050491786719876
2011-07-21,0.024264130955684027
2011-07-22,-0.0019650820043837225
2011-07-25,-0.022895961756195682
2011-07-29,-0.0006535619124226066
2011-08-01,-0.061439452977701814
2011-08-02,-0.01962980206616249
2011-08-03,0.003930609622434633
2011-08-04,-0.07604927064815857
2011-08-05,-0.038099087946236836
2011-08-09,0.044300336957212805
2011-08-10,-0.033205195335947124
2011-08-11,0.026027362098616558
2011-08-12,0.0375509361943569
2011-08-15,-0.02356566663645432
2011-08-16,-0.005411874902430114
2011-08-17,0.04892710593032068
2011-08-18,-0.03545903982585208
2011-08-19,-0.023978919631093557
2011-08-23,0.05061670778051874
2011-08-24,0.036261717335622
2011-08-25,-0.03294999528130172
2011-08-29,0.014916198828012985
2011-08-30,0.025000343411310518
2011-08-31,-0.015802196284273817
2011-09-01,0.017328038654855438
2011-09-02,-0.05370401384469381
2011-09-06,-0.01169146888130057
2011-09-07,0.008831396747668308
2011-09-08,0.014057453438242495
2011-09-09,-0.0460887465690758
2011-09-12,0.02915762080715412
2011-09-13,-0.0030059975431750985
2011-09-14,0.011331444759206777
2011-09-16,0.023657176401526314
2011-09-19,-0.02683534598428205
2011-09-20,-0.01156223595855388
2011-09-22,-0.042132429066574766
2011-09-23,0.003143988633271921
2011-09-26,0.005542781440818656
2011-09-28,0.006428681811157522
2011-09-29,0.0242676913025216
2011-09-30,0.003255137013098875
2011-10-10,0.0515428738564534
2011-10-11,0.017831773869593004
2011-10-12,-0.01962328542363978
2011-10-13,0.028300486517687795
2011-10-14,0.021505732104749486
2011-10-17,0.020690341191684114
2011-10-19,-0.025904584779395726
2011-10-20,-0.0698913133659671
2011-10-21,0.06296965977141156
2011-10-24,0.04656175899978432
2011-10-26,0.05680802463005264
2011-10-31,-0.04460426907723258
2011-11-04,-0.04530286841456399
2011-11-07,-0.028187522586155863
2011-11-08,0.0136761128279308
2011-11-09,-0.0777560510705424
2011-11-10,0.02736617054518542
2011-11-11,0.055625041142782
2011-11-14,-0.046219939756061416
2011-11-15,0.023126338329764518
2011-11-16,0.01371353222350402
2011-11-18,0.013698179064177252
2011-11-21,-0.011125740618828315
2011-11-22,-0.03595061728395055
2011-11-25,0.013718506793299
2011-11-28,-0.01631547658365795
2011-11-29,-0.004302498758894657
2011-11-30,0.11302472208395553
2011-12-06,0.002589813400624141
2011-12-07,0.004306204246579903
2011-12-08,-0.03780505940086898
2011-12-09,0.0454687938231072
2011-12-12,-0.0017129210244584134
2011-12-13,-0.06413735260743003
2011-12-15,-0.011967779056386574
2011-12-16,-0.034980065300497236
2011-12-19,-0.029023573445400293
2011-12-20,0.058119658119658135
2011-12-22,-0.0042707666026051685
2011-12-27,-0.008555586633541168
2011-12-28,-0.03083156282425037
2011-12-29,-0.012015977288482471
2012-01-03,0.1485911749069645
2012-01-05,-0.006053852678497229
2012-01-06,-0.007773957243235151
2012-01-09,-0.01123054175734728
2012-01-10,0.06746731428191233
2012-01-11,-0.03108034068834997
2012-01-12,-0.02071644367716852
2012-01-13,-0.026803232350104844
2012-01-17,0.005198094032188294
2012-01-18,0.012141427618412193
2012-01-19,-0.008675920982381236
2012-01-20,0.01302148545099413
2012-01-26,0.004335139641517327
2012-01-27,-0.01816548557740294
2012-01-30,-0.01295681063122922
2012-01-31,0.0069096103378401
2012-02-01,0.03623452898430501
2012-02-02,0.022400053017877064
2012-02-03,0.042150537634408465
2012-02-06,-0.030870712401055437
2012-02-09,-0.03994769532526954
2012-02-10,-0.0008464092714368653
2012-02-13,0.010960680989055449
2012-02-15,-0.004181341567359721
2012-02-17,-0.005829503050880147
2012-02-21,0.0008317471488666905
2012-02-22,-0.04403400012781988
2012-02-24,-0.08292138414925843
2012-02-29,-0.027331804281345518
2012-03-01,-0.017377466581795176
2012-03-02,-0.021521123173410484
2012-03-08,-0.033918798523609565
2012-03-09,0.07035639813444118
2012-03-12,-0.00330788804071247
2012-03-13,0.035513484323877915
2012-03-14,-0.03708575685056359
2012-03-16,-0.013136703824170315
2012-03-19,0.0
2012-03-20,-0.005740238440673728
2012-03-21,0.013138985834530879
2012-03-22,-0.004932260461292914
2012-03-23,0.018102984460550142
2012-03-26,0.01728778140138687
2012-03-27,-0.002473010890759575
2012-03-28,-0.0008250170556409753
2012-03-29,-0.003301587301587139
2012-03-30,0.003301692117209987
2012-04-02,0.0024764263263167274
2012-04-04,-0.017348478830725208
2012-04-09,-0.01987577639751548
2012-04-11,0.01247421196564802
2012-04-13,-0.0359260270891244
2012-04-16,0.04775715390564583
2012-04-17,0.01847008298621211
2012-04-18,-0.026087519419989658
2012-04-19,0.024484891782623586
2012-04-20,0.03558974024704231
2012-04-23,-0.03397526992371902
2012-04-24,0.021309728710761425
2012-04-26,-0.0077122093502299816
2012-04-27,-0.012025107367029886
2012-05-04,-0.004344847178355815
2012-05-07,-0.009582363091149793
2012-05-08,0.01658079782502908
2012-05-09,0.01488240542770081
2012-05-10,0.0008764832793959343
2012-05-14,-0.050087873462214334
2012-05-15,-0.005281243123381296
2012-05-16,0.020273591782075884
2012-05-17,-0.021167610841616117
2012-05-21,0.013254711370163208
2012-05-23,0.03187576624438082
2012-05-25,-0.0062169086251067105
2012-05-30,-0.004454800904667433
2012-05-31,-0.008023040526640601
2012-06-01,0.006242818186495636
2012-06-05,-0.008026893523600531
2012-06-06,0.02319278141832781
2012-06-08,0.010693720866465695
2012-06-11,0.014251700097637874
2012-06-12,0.007120239623448876
2012-06-14,0.02399835908655834
2012-06-15,-0.007104917080835493
2012-06-19,0.008868423296665817
2012-06-21,-0.04513274336283191
2012-06-26,0.005293339214821446
2012-06-27,-0.006163223840162546
2012-06-28,0.009659877731617472
2012-06-29,-0.0070125754357575065
2012-07-05,-0.01047261009667011
2012-07-06,-0.007850900001677541
2012-07-09,-0.0026144228996631824
2012-07-10,0.0017420727315364815
2012-07-11,0.0034825704048487838
2012-07-12,0.003480239601111101
2012-07-17,-0.00607122008172789
2012-07-18,0.019074296385220846
2012-07-19,-0.006926868256294183
2012-07-20,-0.002594249413799377
2012-07-25,0.0008629845990441032
2012-07-26,0.0008629416352743392
2012-07-30,-0.009481343963931188
2012-07-31,-0.008609699157242856
2012-08-02,0.02235523661496752
2012-08-03,0.031778541226215595
2012-08-06,0.008576329331046241
2012-08-07,-0.005991769547325054
2012-08-09,-0.004270065200610906
2012-08-14,0.002554445718028431
2012-08-15,0.0017006246525165247
2012-08-16,-0.011889014093707571
2012-08-17,0.008486747617182376
2012-08-20,-0.00847872166965602
2012-08-21,0.012713521971573716
2012-08-22,0.010170651801867936
2012-08-23,-0.002542621507970022
2012-08-24,-0.011021259945219741
2012-08-27,0.0016966572589196538
2012-08-28,-0.005090137857900468
2012-08-29,0.001697682011100321
2012-08-30,-0.01188862578590677
2012-08-31,0.011892898567297805
2012-09-04,-0.009347168886347124
2012-09-05,0.0008497148553034961
2012-09-06,0.011036554505232443
2012-09-07,-0.002544778310658691
2012-09-10,-0.002543865370817411
2012-09-14,0.0033863536460282395
2012-09-17,0.008458447874814978
2012-09-18,-0.004225306334709078
2012-09-19,0.000844183252702968
2012-09-20,0.010118043844856595
2012-09-25,-0.0033580884727155698
2012-09-27,0.001674367684703748
2012-10-01,0.005842602847466405
2012-10-02,-0.002500921814130086
2012-10-04,0.004989684786259163
2012-10-05,-0.011622523428644449
2012-10-08,-0.01077359512956999
2012-10-09,-0.0115847933673876
2012-10-11,-0.007431992504486341
2012-10-15,0.018966665609438937
2012-10-17,0.01893663510560817
2012-10-18,-0.01810900226362544
2012-10-19,-0.0008233580340744062
2012-10-22,0.006588011719059317
2012-10-23,-0.017295174139596803
2012-10-24,-0.009886401444935576
2012-10-25,-0.006595113908397732
2012-10-26,-0.010729307197841377
2012-11-05,-0.012421568939707585
2012-11-07,-0.014109009656052997
2012-11-12,0.0033367556468171244
2012-11-13,0.004177109440267389
2012-11-14,0.004182552322120836
2012-11-23,0.010939219366949192
2012-11-26,0.0008418462335476606
2012-11-28,-0.0016845106010787705
2012-11-29,-0.010110011179339295
2012-11-30,-0.0033725172274017283
2012-12-03,-0.0025316044854839514
2012-12-05,-0.0008457897561848782
2012-12-06,0.01354916457675148
2012-12-07,0.0
2012-12-11,0.005948295584534469
2012-12-12,-0.016160690918607834
2012-12-14,-0.01449917171021342
2012-12-17,0.018790755736600828
2012-12-18,0.02308906722799631
2012-12-20,-0.0034233048057932263
2012-12-21,-0.0034241501358136532
2012-12-24,0.0059927560092196686
2012-12-27,-0.015402590136418315
2012-12-28,-0.010267210741081943
2012-12-31,0.03079960513326752
2013-01-02,0.005127615165907985
2013-01-07,-0.012790659538880256
2013-01-08,0.0
2013-01-09,0.0
2013-01-14,0.0016998463600405025
2013-01-15,0.001698070078045899
2013-01-16,-0.01187117814920513
2013-01-17,0.005086818292981189
2013-01-22,0.0016937283194631279
2013-01-23,-0.007614584858690819
2013-01-28,-0.006746018875879667
2013-01-30,-0.002524680368991783
2013-01-31,0.0
2013-02-01,-0.012602801699762578
2013-02-06,-0.002518281756985985
2013-02-11,0.0067199741539455396
2013-02-12,0.015127517212399357
2013-02-13,0.0016816777970020125
2013-02-19,0.004209367461589397
2013-02-21,-0.026112875008099667
2013-02-22,-0.0008430062901239044
2013-02-26,-0.02788747501340749
2013-02-27,-0.030486613249951056
2013-02-28,0.0008492291612228753
2013-03-04,-0.020469754625377368
2013-03-05,0.047856168548373934
2013-03-06,0.010269238364821187
2013-03-08,0.009445022374135135
2013-03-11,0.0025796636515470484
2013-03-12,-0.01463770035766321
2013-03-13,0.004312704231426268
2013-03-14,-0.002591276037340995
2013-03-19,0.005203642549784893
2013-03-21,0.0060905212080647475
2013-03-26,0.0034921008008328425
2013-03-27,-0.0034953283592122912
2013-04-01,0.0008754945702500461
2013-04-04,0.00965629009386182
2013-04-08,0.006154990784423164
2013-04-09,0.005280170590126754
2013-04-10,0.011447150066041356
2013-04-11,-0.0026428135799960732
2013-04-15,-0.039673120613068484
2013-04-16,0.02559663237940057
2013-04-17,-0.024729100852610486
2013-04-18,0.0008841432312035602
2013-04-19,0.023006500357349524
2013-04-22,-0.0017698813839113203
2013-04-23,0.010622542260354528
2013-04-25,0.010625436341035743
2013-04-26,-0.015936254980079667
2013-04-30,-0.00974529346622388
2013-05-01,-0.026593024445126238
2013-05-03,0.028401720488837382
2013-05-06,0.0195238501578634
2013-05-07,0.012415580871819263
2013-05-08,0.014168454752903513
2013-05-09,0.06453038674033151
2013-05-10,-0.009691301548575115
2013-05-14,-0.007862110674327072
2013-05-16,0.0
2013-05-17,-0.021559944939217646
2013-05-20,-0.016337059329320613
2013-05-21,0.009435207178675187
2013-05-24,0.0
2013-05-28,0.008489795918367515
2013-05-29,0.011001887897923224
2013-05-30,0.017711746196516054
2013-05-31,-0.03948686463954498
2013-06-04,0.03171087894981783
2013-06-07,0.004954582989264988
2013-06-10,-0.014816456397511503
2013-06-12,-0.018012060523042498
2013-06-13,0.044112102551212666
2013-06-17,0.006495027244765693
2013-06-19,0.0
2013-06-20,-0.008040449646684156
2013-06-21,-0.02725492916493244
2013-06-24,0.0
2013-06-25,0.01835256567640553
2013-06-26,0.015121600318349637
2013-06-27,0.02380625371972711
2013-06-28,-0.015806432001945314
2013-07-01,0.0015754233950373564
2013-07-02,-0.003923817572665911
2013-07-03,-0.004691447130999782
2013-07-05,0.0007794465929190643
2013-07-09,-0.003872620572551888
2013-07-10,0.0
2013-07-12,0.0015338328122235234
2013-07-16,0.011423048196476436
2013-07-17,0.002274649324895739
2013-07-18,0.04078135211676703
2013-07-19,-0.007519884309472147
2013-07-22,0.011986227363750324
2013-07-29,0.01620901697412791
2013-07-31,-0.060006473493857015
2013-08-01,0.02190180689906906
2013-08-05,-0.02683141115930088
2013-08-06,-0.013015184381778956
2013-08-08,-0.03525813995322902
2013-08-09,0.004310583033987347
2013-08-12,0.025824607871539063
2013-08-13,0.010740694840335465
2013-08-14,-0.012151703850330486
2013-08-15,-0.010699148183202391
2013-08-16,-0.007834221303055555
2013-08-19,-0.004269644469989453
2013-08-20,-0.014214446798332503
2013-08-21,-0.02484743402460188
2013-08-22,0.008514354328130191
2013-08-23,0.000708842814105992
2013-08-29,0.007071270244910831
2013-08-30,-0.01202164984904952
2013-09-03,0.02687923388742275
2013-09-04,-0.021215253223086483
2013-09-06,0.0021199684722638112
2013-09-09,0.032480141218005236
2013-09-10,-0.009168961167550504
2013-09-11,-0.0007048267075104864
2013-09-12,-0.02466258333785043
2013-09-16,-0.014091759030920413
2013-09-17,0.017617802111425832
2013-09-18,-0.01338626417548472
2013-09-19,-0.01409118623399497
2013-09-20,0.016211893240074327
2013-09-23,0.016212772302728773
2013-09-24,-0.014094432699083947
2013-09-25,0.023260857778018784
2013-09-27,-0.002114279518594664
2013-09-30,-0.0007049604815421162
2013-10-01,0.011988391331470892
2013-10-02,-0.035289646560616734
2013-10-03,0.011308342621034641
2013-10-04,-0.0035387630662020437
2013-10-09,0.012109920819748488
2013-10-10,0.03356036471492918
2013-10-11,0.01645682834537332
2013-10-14,0.0050187513787778295
2013-10-15,0.0014350765834137966
2013-10-16,0.009339080459770057
2013-10-17,0.020139426800929616
2013-10-18,-0.005036458981915848
2013-10-21,-0.012233431588270394
2013-10-22,0.0007201019221182436
2013-10-23,-0.015121930954260288
2013-10-25,-0.010090929252605909
2013-10-28,0.005772005772005762
2013-10-29,-0.011551544602568464
2013-10-30,0.0036122650291066094
2013-10-31,-0.002891097366043649
2013-11-01,-0.016630744629075878
2013-11-05,-0.01302007261194338
2013-11-08,-0.015205736963030068
2013-11-11,-0.047048342868278636
2013-11-12,-0.02535207343743462
2013-11-13,0.0007253250013948831
2013-11-14,0.015248628042394574
2013-11-15,0.00799809835423737
2013-11-18,0.0007276594553748961
2013-11-20,-0.008754577212845671
2013-11-21,0.0007312408594892794
2013-11-22,-0.0014655937768635052
2013-11-25,0.004406219548362511
2013-11-26,-0.0014710458570257323
2013-11-27,0.014734008642062757
2013-11-29,0.009587020648967659
2013-12-02,0.004430119130447219
2013-12-03,-0.031037275995850374
2013-12-05,0.0
2013-12-09,-0.002970028415175685
2013-12-10,0.0044620511133676155
2013-12-11,-0.015640441713573816
2013-12-16,0.02395657870110424
2013-12-17,0.0007491068341592966
2013-12-18,0.011995732287551577
2013-12-20,0.021752928278806705
2013-12-23,0.0
2013-12-26,-0.011238383401772191
2013-12-31,0.01577761081893314
2014-01-03,0.0007536996506891657
2014-01-07,0.010589707037500395
2014-01-08,0.004545785677861014
2014-01-10,-0.0015194459866172405
2014-01-13,-0.0007607566602783057
2014-01-14,-0.0007618935986286601
2014-01-15,0.019834516753711614
2014-01-17,-0.0068791157102539024
2014-01-21,0.013003824654310048
2014-01-22,0.017603768030615252
2014-01-23,0.006122959626734925
2014-01-27,-0.01683714769298694
2014-01-29,-0.032900254550270125
2014-01-31,-0.009937669057979548
2014-02-03,0.012995795477933614
2014-02-05,-0.0015284452478578905
2014-02-06,0.006110099289113435
2014-02-07,-0.009920023479345508
2014-02-10,0.0022876583763492553
2014-02-11,0.0099056327296172
2014-02-12,-0.011419703380525005
2014-02-13,-0.015216023643359831
2014-02-18,0.0045638055116729035
2014-02-20,0.006083027475982328
2014-02-21,0.004562604194086162
2014-02-24,0.012166766594036591
2014-02-25,-0.006842905602994387
2014-02-26,-0.007602783788525524
2014-03-06,-0.003798060067780717
2014-03-10,-0.005318993482771761
2014-03-11,-0.0030421810097700512
2014-03-13,-0.01904845634240337
2014-03-14,-0.006101675027134768
2014-03-17,-0.012978051824120929
2014-03-18,-0.011458792419568152
2014-03-20,-0.012249705535924528
2014-03-21,0.0030663089306246505
2014-03-24,-0.014578722148443246
2014-03-26,-0.011542559488575854
2014-03-27,-0.0023122758130020853
2014-04-01,0.0015491174499143725
2014-04-03,0.0046638165565487935
2014-04-07,-0.005459235707001131
2014-04-14,-0.001577765641119111
2014-04-15,-0.0023702443174911107
2014-04-17,0.008713667661934044
2014-04-21,-0.009516111814313888
2014-04-22,0.01508949844217744
2014-04-24,0.02945183461662104
2014-04-25,-0.011147862305525004
2014-04-29,-0.00079736256996088
2014-04-30,-0.0023933722000613056
2014-05-02,-0.011976599566999813
2014-05-05,-0.022375559004779392
2014-05-06,-0.02399114173228356
2014-05-07,0.0024022544233819327
2014-05-08,-0.0200459514887974
2014-05-09,0.005624053644819439
2014-05-12,0.016901670045968875
2014-05-13,-0.008864506330683364
2014-05-14,-0.08556216140699457
2014-05-15,-0.07612047217117768
2014-05-16,0.01627059246859319
2014-05-19,-0.004088564599320721
2014-05-20,0.0016442167836590027
2014-05-21,0.011570431825044912
2014-05-22,0.009135337145047441
2014-05-23,0.015851877998299346
2014-05-30,0.005931623374507034
2014-06-02,-0.0042496853598339435
2014-06-03,-0.003409500704848689
2014-06-04,0.001709682722340955
2014-06-05,0.023997890295358596
2014-06-09,0.011184275834684398
2014-06-10,-0.012923964011730904
2014-06-11,-0.015531660692950975
2014-06-12,-0.025066489361702082
2014-06-19,-0.003499327052489898
2014-06-20,0.005261205355637233
2014-06-23,0.007029758183077939
2014-06-24,-0.0017602653938593171
2014-06-27,0.0017684969476423618
2014-07-01,0.0017735939152084825
2014-07-02,-0.007996582656984108
2014-07-03,-0.0008905329497190807
2014-07-07,-0.015170756821692109
2014-07-14,0.025372041961453932
2014-07-15,0.017258847779757613
2014-07-16,-0.017294496569108198
2014-07-17,-0.0191605839416058
2014-07-18,0.01920844327176774
2014-07-21,-0.029317969589653936
2014-07-22,0.004588613179908885
2014-07-23,0.012869239336032123
2014-07-24,0.009201097053879505
2014-07-29,-0.025848142164781814
2014-07-30,0.011074432967735026
2014-07-31,0.07919389399493526
2014-08-04,0.012804052271488177
2014-08-05,-0.00455596831849725
2014-08-07,-0.0009050718835938998
2014-08-11,-0.002699896157840165
2014-08-12,-0.007182816492851796
2014-08-13,0.0
2014-08-14,-0.0026827632461434714
2014-08-15,-0.009817382946587959
2014-08-18,0.02850681833755908
2014-08-19,-0.007109895744317195
2014-08-21,0.007973014412756774
2014-08-26,0.006171269687876069
2014-08-27,-0.007914764079147707
2014-08-28,-0.004386408880790782
2014-09-03,-0.014814318273226991
2014-09-04,-0.006088585574735683
2014-09-05,-0.0008683599686054588
2014-09-09,-0.006059899778580569
2014-09-10,0.005186084007912095
2014-09-11,0.0017256541722666665
2014-09-15,-0.004298799642868945
2014-09-22,-0.009362008576385472
2014-09-23,-0.009341825902335454
2014-09-24,0.0016954955248699164
2014-09-26,-0.009302476865780784
2014-09-29,-0.004226680105341885
2014-09-30,0.0033792016636070565
2014-10-01,-0.019410227696901927
2014-10-03,0.016010371090585118
2014-10-06,-0.0025243943880772783
2014-10-07,-0.03362050851019127
2014-10-08,0.023526750367605542
2014-10-09,-0.024347320664546368
2014-10-10,-0.005035831880689345
2014-10-15,0.005035344243245921
2014-10-16,0.018480227448953283
2014-10-17,-0.01513240857503151
2014-10-20,0.0016830930070721448
2014-10-23,0.02449244762059455
2014-10-24,-0.016059034832501817
2014-10-27,0.008460099243472019
2014-10-30,0.012710621516800913
2014-10-31,-0.00678297733572486
2014-11-03,-0.025451104512676404
2014-11-04,-0.0033973050224582746
2014-11-05,-0.005102791815907004
2014-11-10,0.010242100943783415
2014-11-12,0.012823674475955673
2014-11-13,-0.011974275046466198
2014-11-14,-0.009418273426308632
2014-11-17,-0.005142150803461032
2014-11-18,-0.004289155036457659
2014-11-19,-0.012021731591723485
2014-11-20,-0.0051587301587301395
2014-11-21,-0.006886961128402147
2014-11-25,0.0008633284632755256
2014-11-26,0.005186687502077847
2014-12-01,-0.02687069727125735
2014-12-02,0.01911189815897629
2014-12-04,-0.006975301396737077
2014-12-05,0.01310131685030913
2014-12-08,-0.007870969912040282
2014-12-09,0.002627545434639722
2014-12-10,-0.011400047219130459
2014-12-11,-0.008780372490417632
2014-12-15,-0.011449864498644937
2014-12-17,0.0326910660277977
2014-12-18,0.02300141206893613
2014-12-22,-0.0017703031644169531
2014-12-23,0.008853927227528868
2014-12-24,-0.0017700922490382356
2014-12-26,0.009731035538694477
2014-12-29,0.0
2014-12-31,-0.011479028697571671
2015-01-02,-0.0008831371749800088
2015-01-05,-0.012362240825960713
2015-01-07,0.0026509422740327304
2015-01-09,-0.03538257408226442
2015-01-12,-0.013282247765006305
2015-01-13,-0.01684885485768861
2015-01-14,0.0053314194904393606
2015-01-16,-0.003570079983522767
2015-01-20,-0.0035787409025995758
2015-01-27,0.0036115500147586577
2015-01-29,0.01722394616645162
2015-01-30,-0.033606986899563214
2015-02-02,0.028223759082552813
2015-02-03,0.02371014696082208
2015-02-04,-0.010041958533031359
2015-02-05,0.008225823461173398
2015-02-06,-0.0073175021987685876
2015-02-09,0.009154284909513422
2015-02-10,-0.007327039594194673
2015-02-12,0.04678156256063781
2015-02-13,-0.011923870671864291
2015-02-17,0.003667718784715612
2015-02-19,0.013735538063288977
2015-02-20,-0.018305025081404525
2015-02-26,-0.0036601675230520936
2015-02-27,-0.016464669563228895
2015-03-04,0.007303499008058378
2015-03-05,0.002736506043117481
2015-03-06,0.032830009996317244
2015-03-09,0.01731965991760886
2015-03-10,0.002733580991098328
2015-03-12,0.0364254067211881
2015-03-13,-0.011828107502799723
2015-03-17,0.0009092180724576961
2015-03-18,-0.0009088366890379617
2015-03-20,0.009076944560815536
2015-03-23,0.0063472135035224095
2015-03-24,0.011769621839960888
2015-03-27,-0.0018014896934004374
2015-03-31,0.008063960300503159
2015-04-01,-0.003573207812956447
2015-04-02,0.0026713243604233887
2015-04-06,-0.0008874931731295277
2015-04-07,-0.0026535576383337482
2015-04-08,0.0008815800627277601
2015-04-09,-0.002637050560373222
2015-04-13,0.005243344985211174
2015-04-14,0.004357298474945592
2015-04-16,-0.00173189009159036
2015-04-17,-0.017253392614220653
2015-04-21,0.004287457537680228
2015-04-22,-0.005127783712712608
2015-04-24,-0.003397915509523841
2015-04-29,0.005895309665716386
2015-04-30,-0.02520886188452387
2015-05-01,0.013418272719942006
2015-05-04,0.0200840052141168
2015-05-05,-0.0033384158574754075
2015-05-07,0.004151365160466325
2015-05-11,0.011550605296142824
2015-05-12,-0.007402252309249623
2015-05-13,0.01393969976031284
2015-05-15,0.0008140772747199376
2015-05-18,0.0016225155231052169
2015-05-19,-0.005659731940168554
2015-05-20,-0.00402975821450724
2015-05-22,0.015236332793584606
2015-05-26,-0.011996124329062718
2015-05-27,0.008773948123264708
2015-05-29,-0.019857939356908272
2015-06-02,0.02691675293831064
2015-06-03,0.018169664560038882
2015-06-04,0.007880220646178104
2015-06-08,0.006272239310053496
2015-06-10,0.008580600642045022
2015-06-11,-0.01011400700200493
2015-06-15,-0.006195454680844703
2015-06-16,0.004637887977167354
2015-06-17,-0.009257061476382722
2015-06-18,-0.0007700395385685788
2015-06-19,0.022291204730229053
2015-06-22,0.010736988038877349
2015-06-23,0.005355382600891635
2015-06-26,-0.012141376995592923
2015-06-29,-0.017409024745269175
2015-07-01,0.003016766258629677
2015-07-02,0.003010391640374088
2015-07-06,0.003756791122413672
2015-07-09,0.011961412941903782
2015-07-13,-0.0014891819522602212
2015-07-14,-0.0007432500035733369
2015-07-15,0.0014839970890826448
2015-07-16,0.005182896441742303
2015-07-17,-0.0059114420508157295
2015-07-20,0.005164512421787504
2015-07-22,0.02206756068579196
2015-07-23,-0.019828267992317183
2015-07-24,-0.014670202561643197
2015-07-27,-0.013926869837331823
2015-07-28,-0.019047082358907952
2015-07-29,0.017582665295369115
2015-07-30,-0.05859980278912525
2015-08-03,-0.025705851612265462
2015-08-04,0.018399524443060592
2015-08-05,-0.00810921927499031
2015-08-06,-0.0014773776546630482
2015-08-10,0.02300097026425441
2015-08-13,0.0014900140405168516
2015-08-14,0.011928486429912954
2015-08-17,0.012686203036652244
2015-08-18,-0.005976238704765269
2015-08-19,-0.003740038551166558
2015-08-20,-0.014234875444839812
2015-08-21,-0.006756269038097784
2015-08-24,-0.030839999421388375
2015-08-25,0.0037713407116229947
2015-08-26,0.02722156785761021
2015-08-27,-0.0015152398158400082
2015-09-01,-0.028184281842818407
2015-09-04,0.0023008170850417065
2015-09-08,0.006919289737865375
2015-09-09,-0.00847708814986059
2015-09-10,0.00927343250754198
2015-09-11,0.0069715477431848685
2015-09-14,0.003104338611704005
2015-09-15,0.006996979936010561
2015-09-16,-0.0046724773115285325
2015-09-18,0.0007817902997865334
2015-09-24,0.00788500030326933
2015-09-25,-0.007111921586505644
2015-09-28,-0.0023760928503975265
2015-10-01,0.003191456715868401
2015-10-06,-0.0048249412346899065
2015-10-07,0.010479645304312668
2015-10-08,0.004846150261723192
2015-10-09,0.001617896423515508
2015-10-12,0.0008098553162328992
2015-10-13,0.0016221106154663545
2015-10-14,-0.02758147298794089
2015-10-15,0.018658055256548182
2015-10-16,-0.0032419457909256266
2015-10-21,-0.02022842560607474
2015-10-22,0.012941359464924584
2015-10-23,0.014556991555078613
2015-10-26,-0.004850444624090677
2015-10-28,0.03071423020129005
2015-10-30,0.025853362956978262
2015-11-02,0.0452159870811466
2015-11-04,0.023340040241448645
2015-11-05,0.012045215887330984
2015-11-06,0.06083931155515876
2015-11-10,0.0341890796776807
2015-11-11,-0.013472323823457756
2015-11-12,-0.008691291993982997
2015-11-16,0.011780164016129802
2015-11-17,-0.0007828142171104612
2015-11-18,0.027313793465700176
2015-11-19,-0.00777616605105358
2015-11-20,0.006200626024742917
2015-11-23,-0.0015446768060838336
2015-11-24,0.011546660350544745
2015-11-25,0.019179133103183758
2015-11-27,0.010700689371334504
2015-12-01,0.009105501240332823
2015-12-02,-0.008314678605692459
2015-12-03,-0.02184051212235305
2015-12-04,0.02101828995423893
2015-12-08,-0.01043637823269683
2015-12-09,-0.01858417200365969
2015-12-11,-0.019964734656731764
2015-12-15,0.023550391327115342
2015-12-16,0.021283202077511557
2015-12-17,0.0014627491244602053
2015-12-21,-0.002905717838034061
2015-12-22,0.02461709830130876
2015-12-29,0.017859596098365182
2015-12-30,-0.007115100432379062
2015-12-31,-0.024814234099120647
2016-01-04,-0.00424057084607532
2016-01-05,0.027475951768053064
2016-01-06,0.008424918316096486
2016-01-07,-0.05104963756909053
2016-01-11,0.015309672929714746
2016-01-14,-0.00968162353379265
2016-01-15,-0.013122766938065356
2016-01-20,0.029695738210021583
2016-01-21,-0.017260837814512486
2016-01-22,0.03315665723508554
2016-01-25,-0.015888198097667283
2016-01-26,0.009684199324234477
2016-01-27,0.0006919218128351723
2016-02-01,-0.001382463976179027
2016-02-02,0.01795198640322926
2016-02-04,-0.036501860853211054
2016-02-05,0.011018262239938514
2016-02-08,-0.01445496061949836
2016-02-09,-0.022713434811383104
2016-02-10,0.011016365658598648
2016-02-12,0.02343584305408275
2016-02-16,0.01586185859603984
2016-02-18,0.008966468590831944
2016-02-19,0.0013792737593166793
2016-02-22,-0.019299338573492756
2016-02-24,0.0
2016-02-26,0.01305755633383987
2016-02-29,-0.016465248825795475
2016-03-01,0.04040563677070985
2016-03-02,-0.010246170822058255
2016-03-04,0.013630227651013738
2016-03-07,0.02860698146571483
2016-03-08,-0.022456911782026582
2016-03-09,0.01904462930989381
2016-03-10,0.0006798718703013852
2016-03-11,0.042801708932700855
2016-03-15,-0.020315409759210427
2016-03-18,0.010119356512714006
2016-03-22,0.006047292931903314
2016-03-24,-0.006691201070591957
2016-03-28,0.05272412244112168
2016-04-01,0.00459932779055372
2016-04-04,0.007190355872333409
2016-04-05,-0.010400650040627513
2016-04-06,-0.01099776063697422
2016-04-08,0.010259192581814623
2016-04-11,-0.002553337752571716
2016-04-12,0.03241736749462165
2016-04-13,0.018977178726095837
2016-04-14,0.01323010940282776
2016-04-15,0.003765478288155766
2016-04-20,0.013013478245325616
2016-04-21,-0.025886285246951024
2016-04-22,0.06195807330682945
2016-04-25,-0.002438824205330148
2016-04-26,0.039377417400624386
2016-04-28,-0.01852234861542001
2016-04-29,0.011877434017428024
2016-05-02,0.009444993131946132
2016-05-03,-0.0375451263537907
2016-05-04,0.03734542271696928
2016-05-05,0.014500836586726185
2016-05-06,-0.08413213798911777
2016-05-11,-0.0005683494912178678
2016-05-12,-0.008489518709593247
2016-05-16,0.005055797422407582
2016-05-18,0.04238433324038515
2016-05-19,-0.010549469323253513
2016-05-20,0.0016594861975425257
2016-05-23,-0.002203576574285826
2016-05-24,0.033478632568841205
2016-05-25,0.022950337319518344
2016-05-26,0.007074385700531537
2016-05-27,-0.0092114997863848
2016-05-31,0.0064736334305068866
2016-06-01,0.005907870274736826
2016-06-08,-0.0010524717907200998
2016-06-09,-0.019908316961362086
2016-06-10,-0.011488481391472185
2016-06-13,-0.020824989987985543
2016-06-14,-0.019736513548876733
2016-06-15,0.012963572361663678
2016-06-17,0.00723614893743918
2016-06-20,0.0
2016-06-21,0.0025749457775841034
2016-06-23,0.017951550540519334
2016-06-24,-0.04247320822303369
2016-06-29,0.007673313592586496
2016-07-05,-0.012306357298518034
2016-07-08,0.00824260196752491
2016-07-13,0.005176241053564179
2016-07-14,0.03575378912439098
2016-07-15,0.0020738613703437108
2016-07-19,0.003113151067651088
2016-07-20,0.0
2016-07-22,0.05921841285063523
2016-07-25,0.05601771500389019
2016-07-26,0.014487273885096854
2016-07-27,0.006707746653568658
2016-07-28,0.0010288472953187133
2016-07-29,-0.008202620500635804
2016-08-01,-0.018908533409334405
2016-08-02,-0.018335863656398388
2016-08-03,0.015753725873442592
2016-08-05,0.05710897940539018
2016-08-09,-0.013043897732754495
2016-08-11,0.014976239619833962
2016-08-12,0.0
2016-08-17,-0.04990592751667666
2016-08-19,0.0019706300331595594
2016-08-24,-0.01764888893079042
2016-08-25,-0.005871614882285492
2016-08-29,0.0009738466004325377
2016-08-31,0.0048432915754669245
2016-09-01,-0.003380700287916705
2016-09-02,0.009632483698873706
2016-09-06,0.003361623922941259
2016-09-07,-0.012448438420742391
2016-09-12,-0.021822030032660145
2016-09-13,-0.010403310144136979
2016-09-15,-0.004233646635245947
2016-09-16,-0.012198092694677642
2016-09-19,0.0056150959695489
2016-09-20,-0.0289417932421272
2016-09-21,-0.07411258515596986
2016-09-22,0.005127791374194279
2016-09-26,-0.029863335756139975
2016-09-27,-0.0037378810886576908
2016-09-28,-0.002809089926891773
2016-09-29,-0.0070376151507220985
2016-09-30,0.006583171316182135
2016-10-04,0.005195088280171456
2016-10-05,0.005678354005332564
2016-10-06,0.0014236694166606114
2016-10-07,-0.0004763824251530213
2016-10-10,0.0071752509038057735
2016-10-11,-0.002401625715869216
2016-10-13,-0.04021167964819439
2016-10-17,-0.030813510539236418
2016-10-18,-0.2267327481840193
2016-10-19,0.10283847175381444
2016-10-20,0.016045668440947347
2016-10-21,-0.02074797823992536
2016-10-24,-0.010727442408762666
2016-10-25,-0.0025778306563553066
2016-10-26,-0.015617178896786488
2016-10-27,-0.013145919708767329
2016-11-01,-0.008125677139761533
2016-11-04,0.016722766545891218
2016-11-07,0.022521790915489226
2016-11-08,-0.002841530054644936
2016-11-09,0.020076777125711542
2016-11-10,0.008683648022800083
2016-11-11,0.002921052927232104
2016-11-14,0.032434761899361335
2016-11-16,0.0
2016-11-17,-0.03632976245924557
2016-11-18,0.03668516602389249
2016-11-21,0.0
2016-11-25,-0.009474413011527185
2016-11-28,-0.003180700488115251
2016-11-29,-0.0032018127185853285
2016-11-30,-0.012892189068911321
2016-12-01,-0.01622161217868734
2016-12-05,0.03288225622865815
2016-12-07,-0.016553339954669344
2016-12-08,0.03985488733329934
2016-12-12,-0.02665129092190388
2016-12-14,-0.0033429335527670467
2016-12-15,0.013396019836413921
2016-12-16,0.02683351609365925
2016-12-19,0.03022318660880363
2016-12-20,0.04368844195124466
2016-12-21,-0.0033604756365517297
2016-12-22,0.0033604756365517297
2016-12-23,-0.013443640124095158
2016-12-27,0.0
2016-12-28,-0.010084555115972504
2016-12-29,-0.006716176945430918
2016-12-30,0.0033546222824334393
2017-01-03,-0.006696457316523574
2017-01-04,0.029903389050759063
2017-01-06,0.0
2017-01-09,-0.003271674845853889
2017-01-10,-0.00325418976932812
2017-01-11,-0.012947562372391808
2017-01-17,-0.047785333578386435
2017-01-18,0.012699187984614444
2017-01-19,-0.018975793699063548
2017-01-20,0.00945339958792868
2017-01-24,0.06576728499156825
2017-01-26,0.028054190145066604
2017-01-31,0.034124806109056216
2017-02-01,0.0123890642682708
2017-02-02,-0.012371379289835229
2017-02-03,0.033980870908334904
2017-02-07,0.006152389966871841
2017-02-08,-0.012282980985000469
2017-02-09,0.2239528023598819
2017-02-10,0.009158154279675812
2017-02-13,0.015183368371875727
2017-02-15,0.02102102102102088
2017-02-16,-0.008953681914710465
2017-02-17,-0.026694045174537884
2017-02-21,-0.002949183303085245
2017-02-24,-0.0116415738512341
2017-02-27,0.037708484408991993
2017-02-28,-0.03177954330796151
2017-03-01,0.06331636041620547
2017-03-02,-0.017183455416643678
2017-03-03,0.002850720903459281
2017-03-07,0.0282793125951708
2017-03-09,0.01966823364132475
2017-03-10,0.011202671406258413
2017-03-13,-0.013955984970477786
2017-03-16,-0.00828729281767937
2017-03-20,0.0027424713886399217
2017-03-24,0.005419771744228585
2017-03-27,0.02431295132214661
2017-03-29,-0.0134041346599989
2017-03-30,0.010680359435173314
2017-03-31,-0.010636121906320241
2017-04-03,-0.026465798045602677
2017-04-04,-0.013180573861908185
2017-04-05,-0.0026255995960615675
2017-04-06,0.03400402414486936
2017-04-07,-0.015601560156015546
2017-04-10,0.002588481258400166
2017-04-11,0.06694394929689051
2017-04-12,-0.010236220472441104
2017-04-13,-0.017797770389203826
2017-04-17,0.032866588875923634
2017-04-18,-0.012568887170066656
2017-04-19,-0.007501803318105348
2017-04-20,0.032336761540301295
2017-04-28,-0.014526492224602006
2017-05-01,0.0072527779069228035
2017-05-03,-0.03375840482262915
2017-05-04,-0.03374275782155278
2017-05-05,0.031325301204819245
2017-05-08,0.014445113199685222
2017-05-09,-0.007212205270457739
2017-05-11,-0.028772997648360832
2017-05-12,-0.004794394246727007
2017-05-15,0.02635216069289603
2017-05-16,0.004790639826800057
2017-05-17,-0.033517495395948504
2017-05-22,0.009578191195431908
2017-05-23,0.004788875074826282
2017-05-24,-0.007184635932390605
2017-05-25,0.004792185052068798
2017-05-26,-0.009586136971149406
2017-05-30,0.0
2017-06-01,0.02879822780136598
2017-06-06,0.002396423798331604
2017-06-07,0.00957422324510948
2017-06-08,0.03825639139231185
2017-06-09,0.02148267156300221
2017-06-13,0.009521629663538532
2017-06-14,0.004753851076472859
2017-06-16,-0.009483859201167231
2017-06-19,-0.004735236534171072
2017-06-20,-0.01418375232986313
2017-06-21,-0.016525923908108586
2017-06-23,0.004717195083231207
2017-06-26,0.009428830462375304
2017-06-27,-0.009432678790077588
2017-06-28,0.009436530260411913
2017-06-30,-0.004718265130206012
2017-07-03,0.028308306491856894
2017-07-07,-0.004716981132075304
2017-07-10,-0.014158649482664654
2017-07-11,-0.025989367985824074
2017-07-12,0.007099299171748562
2017-07-13,-0.002368912578014637
2017-07-14,-0.002370856699949853
2017-07-17,0.0023732371868011577
2017-07-20,-0.016621763550847213
2017-07-21,-0.009502923976608235
2017-07-25,0.01427721594289122
2017-07-26,-0.023802984528060067
2017-07-27,-0.00476168673595545
2017-07-28,0.016669719728888092
2017-07-31,0.01429422275163794
2017-08-01,0.01668041426083755
2017-08-03,-0.02142072500915404
2017-08-04,0.009519886493660978
2017-08-07,0.0023798627002288297
2017-08-09,-0.0071418761159181
2017-08-11,-0.002383790226459848
2017-08-14,0.021471829693521682
2017-08-16,-0.0023900353909087624
2017-08-22,0.0024119857136231104
2017-08-23,0.002419955323901601
2017-08-24,0.007286655145032572
2017-08-25,0.0
2017-08-29,-0.012262994057164356
2017-08-30,0.002460373787556036
2017-08-31,-0.004935225169648172
2017-09-01,0.012374470515444269
2017-09-06,-0.004975600421012415
2017-09-08,-0.01752021563342332
2017-09-11,0.02261306532663332
2017-09-12,0.06553880459547222
2017-09-15,0.015232143728945768
2017-09-18,0.0
2017-09-19,0.0
2017-09-25,0.005142659348266854
2017-09-26,0.018017126169380667
2017-09-28,0.0
2017-09-29,0.007728894173602784
2017-10-03,-0.015446309223228871
2017-10-05,0.02057877813504816
2017-10-06,0.002571075401730516
2017-10-12,-0.0076987612890488935
2017-10-17,-0.010272112203072005
2017-10-18,0.007702942919217914
2017-10-19,-0.010269576379974277
2017-10-20,0.005135548861784467
2017-10-23,0.0025666337611056638
2017-10-27,0.020443767353858888
2017-11-01,-0.01777473936079299
2017-11-03,-0.015164402537121147
2017-11-06,-0.01513130774267091
2017-11-08,0.0
2017-11-09,-0.00753714216692858
2017-11-13,0.005015553037062137
2017-11-14,0.012524989763229577
2017-11-16,0.01248889209116888
2017-11-17,0.0
2017-11-20,0.012429189473432634
2017-11-21,0.007434058471729066
2017-11-22,0.002469077182403079
2017-11-24,-0.0024611307002391225
2017-11-28,0.04658948907174687
2017-11-29,0.05134112226427512
2017-11-30,-0.02435882421829261
2017-12-01,-0.012140739184235638
2017-12-04,0.012105128384198194
2017-12-05,-0.026550931835588543
2017-12-07,0.009617385273378742
2017-12-08,-0.02880155085273839
2017-12-12,0.007191757139893618
2017-12-13,-0.007188443195170979
2017-12-18,0.033558439163804736
2017-12-20,-0.009573562239661104
2017-12-21,0.014356378695502213
2017-12-22,-0.004781938984297796
2017-12-28,0.0
2017-12-29,-0.016702227728451202
2018-01-02,0.002385923053981553
2018-01-04,0.007155799178917844
2018-01-05,0.011922503725782407
2018-01-11,0.016661326497917406
2018-01-12,-0.002379753787012051
2018-01-16,-0.014281790716835998
2018-01-17,0.01666208916964207
2018-01-18,0.0047586364676276425
2018-01-19,0.0047547204315822045
2018-01-22,0.0
2018-01-23,-0.0023743208072690702
2018-01-24,0.00237193814715142
2018-01-25,-0.026046172760803232
2018-01-26,-0.02364926323449157
2018-01-29,-0.0330788804071247
2018-01-31,0.0
2018-02-01,-0.004726413379385397
2018-02-02,-0.014188267394270147
2018-02-05,-0.026041429547006608
2018-02-06,0.014227734962834582
2018-02-08,-0.00237844760554351
2018-02-09,-0.01191021530004588
2018-02-13,0.009556627613140469
2018-02-14,0.02154497744222439
2018-02-16,0.0
2018-02-20,-0.019271750208468275
2018-02-21,0.02414673786858601
2018-02-22,-0.012090211578702714
2018-02-23,0.012104846594347962
2018-02-27,-0.02182123373898448
2018-02-28,-0.019407511080009376
2018-03-01,-0.007285634223799686
2018-03-07,0.00486891385767796
2018-03-08,-0.01217969738136504
2018-03-09,0.009750152346130414
2018-03-12,0.009757470563400041
2018-03-13,0.02684563758389269
2018-03-15,0.004880337869544893
2018-03-16,-0.03416076204776864
2018-03-19,-0.0097629664398029
2018-03-20,-0.01953601953601947
2018-03-21,-0.0024438387066454408
2018-03-22,-0.02690751717000661
2018-03-23,-0.022052586938082985
2018-03-27,-0.017216099891216752
2018-03-28,-0.002464805422571992
2018-03-29,0.024711305422230656
2018-04-02,-0.007428571428571563
2018-04-04,0.012431269423858526
2018-04-05,-0.007473769942030195
2018-04-10,0.030163871030115638
2018-04-11,-0.005041202132816336
2018-04-13,-0.01771720613287919
2018-04-16,0.0
2018-04-17,-0.01015129331381148
2018-04-18,0.0
2018-04-23,0.015280634734058276
2018-04-25,-0.0050957910725659685
2018-04-27,0.03060774022661505
2018-04-30,0.005104043973301775
2018-05-01,-0.02042920984137897
2018-05-02,-0.002557418974081571
2018-05-03,-0.007684729064039386
2018-05-04,0.00769838136596912
2018-05-08,0.0
2018-05-11,-0.0025874508633130233
2018-05-14,-0.0025915773735361025
2018-05-15,0.0
2018-05-17,0.0026013006503251557
2018-05-18,-0.002605471490129352
2018-05-21,0.01827034081212675
2018-05-24,0.0
2018-05-29,-0.02626527932114353
2018-05-30,0.013155897384000359
2018-05-31,-0.002635446758907367
2018-06-01,0.02110389610389618
2018-06-04,0.015833544785587406
2018-06-05,-0.007913961038961137
2018-06-06,0.010549272201653359
2018-06-07,0.0
2018-06-12,-0.0026250694128930885
2018-06-15,0.0
2018-06-18,-0.007854589396304235
2018-06-19,0.0
2018-06-20,0.0
2018-06-26,-0.002607169716720925
2018-06-28,0.0
2018-07-05,0.005181863477827453
2018-07-06,0.002587965958294025
2018-07-09,0.012928248222365823
2018-07-11,-0.015477725964877509
2018-07-12,-0.020613448292948755
2018-07-13,-0.010305192231470528
2018-07-17,-0.010302129767211454
2018-07-18,0.015448603683897888
2018-07-19,-0.00514571273069131
2018-07-20,0.0025715839968349923
2018-07-23,0.00514011762961486
2018-07-24,-0.015409690324492463
2018-07-26,0.07446178155243921
2018-07-30,-0.01792573623559557
2018-07-31,0.017908979089790944
2018-08-03,-0.012740101920815315
2018-08-06,-0.0025457749926565128
2018-08-07,-0.002544653780278905
2018-08-08,0.007630973927505891
2018-08-10,-0.007623143080531579
2018-08-14,0.015229913111393212
2018-08-15,-0.007610498585227665
2018-08-17,0.0
2018-08-20,0.007612726917821555
2018-08-22,0.0
2018-08-23,-0.0050781250000000435
2018-08-24,0.0
2018-08-27,0.002538938528392154
2018-08-28,-0.0025384427629973057
2018-08-30,0.002537451812814173
2018-09-04,0.002534977818944073
2018-09-07,0.007592349248065511
2018-09-10,-0.0050586118001849645
2018-09-11,-0.010111813320369478
2018-09-13,-0.0277777777777779
2018-09-14,0.017687934301958363
2018-09-17,0.007586810621534766
2018-09-18,-0.007589763549673999
2018-09-19,0.0075945669636335875
2018-09-20,0.015197272284461771
2018-09-21,-0.01013645224171533
2018-09-24,-0.012676125006094274
2018-09-27,0.0
2018-10-02,-0.016254762137345002
2018-10-04,-0.003051971554060229
2018-10-05,-0.0071261464971270625
2018-10-08,0.010185593261838431
2018-10-09,-0.0005092497380303486
2018-10-11,-0.022467496759495557
2018-10-12,-0.010738307831491323
2018-10-17,0.0015429351373805744
2018-10-18,-0.02421168382156269
2018-10-19,-0.016518096448212116
2018-10-24,-0.03388029630223621
2018-10-25,-0.0355970765296878
2018-10-26,0.0021037300752487775
2018-10-29,0.014799154334038113
2018-10-31,0.011196784513165524
2018-11-02,-0.0016119532533556136
2018-11-05,0.007011502598197272
2018-11-06,-0.0010826341321230617
2018-11-07,0.022816786635882158
2018-11-08,0.010354440461967207
2018-11-12,-0.005483728091451701
2018-11-15,0.018850824723581683
2018-11-19,0.02290059936840749
2018-11-20,-0.010644372380654632
2018-11-21,0.0
2018-11-27,-0.010207753966955613
2018-11-28,0.0261406480520191
2018-11-29,-0.018220441057311243
2018-11-30,0.003424807903402827
2018-12-03,-0.02002310358105497
2018-12-04,-0.0510591350397176
2018-12-10,-0.015685047814818054
2018-12-12,0.01055111541973375
2018-12-13,-0.04179496468031152
2018-12-14,-0.02485207100591702
2018-12-17,0.005949520605935677
2018-12-18,-0.05859761286019838
2018-12-19,-0.003611361900131893
2018-12-20,-0.017571252126494352
2018-12-24,-0.0018438190693441656
2018-12-26,0.04334520166236
2018-12-31,0.005677888989990887
2019-01-02,0.017771051250442427
2019-01-03,-0.0012767629149479376
2019-01-04,0.03403477573602054
2019-01-07,0.0025807732393667853
2019-01-08,0.005183671434979775
2019-01-09,0.018192495595566797
2019-01-10,-0.013025725808471613
2019-01-11,0.007829753061634137
2019-01-14,0.009795303277659206
2019-01-16,0.015046864188211663
2019-01-18,0.01246310265660866
2019-01-23,0.0026331447090247595
2019-01-28,0.010607779888567316
2019-01-29,-0.0006647916133981635
2019-01-30,-0.003332094477694225
2019-02-05,-0.006726863470544186
2019-02-06,-0.003371806510180209
2019-02-07,0.02232282235404304
2019-02-13,-0.0034153902740194923
2019-02-14,-0.015743056469659008
2019-02-15,0.032952670143243656
2019-02-20,0.02342621669250444
2019-02-21,-0.004137327445598028
2019-02-22,0.00551475461993256
2019-02-25,0.0
2019-02-26,0.03509468418754225
2019-02-27,0.04188951837618682
2019-02-28,-0.0047910496873972966
2019-03-01,0.01228314217474602
2019-03-04,-0.01698946653075084
2019-03-05,-0.09608202886104288
2019-03-08,0.005372317070020949
2019-03-12,-0.01401419386301517
2019-03-13,-0.0033268076721302275
2019-03-14,-0.005312220661473743
2019-03-15,-0.013914905004013932
2019-03-18,0.021171022163413825
2019-03-20,-0.03694493783303732
2019-03-21,0.0
2019-03-22,-0.03694728160883076
2019-03-25,0.0046236313289129685
2019-03-26,0.01719314308967901
2019-03-27,0.009268690160928905
2019-03-29,0.0006630369643106926
2019-04-01,0.014600403297853391
2019-04-02,0.003984165496105141
2019-04-05,0.01264850471118406
2019-04-09,-0.01332786549108067
2019-04-10,0.017331333564076012
2019-04-16,0.02201580621985011
2019-04-17,0.006668119974866271
2019-04-18,-0.0159979489808999
2019-04-22,-0.016665598359079548
2019-04-23,0.004000769378726732
2019-04-24,-0.014671180876167034
2019-04-26,0.016032887975334087
2019-05-01,-0.011389697734944805
2019-05-02,0.006707340668412276
2019-05-03,0.026872690628149117
2019-05-06,-0.002690989067856808
2019-05-08,-0.01959077622604744
2019-05-13,-0.03475207044763606
2019-05-14,0.02396187165916208
2019-05-15,-0.01856209841614009
2019-05-16,0.011052512719688656
2019-05-20,-0.0020866215457051585
2019-05-23,-0.027961499166532237
2019-05-24,0.012611665790856486
2019-05-29,0.016875354950374618
2019-05-30,-0.010561234852074941
2019-06-04,0.07073001537017642
2019-06-05,-0.0049467275494672345
2019-06-10,0.01198627815216069
2019-06-11,0.0007047789433737295
2019-06-12,-0.010569105691056846
2019-06-17,-0.007047502879989231
2019-06-18,0.02890808260226985
2019-06-24,-0.016256847313406597
2019-06-25,0.002830548146535383
2019-06-26,0.003543344644779678
2019-06-27,0.0134865816702614
2019-06-28,0.017776805371330084
2019-07-01,0.0021351728668801413
2019-07-02,-0.017816761460974332
2019-07-03,0.009995469086815034
2019-07-05,0.02645073481901039
2019-07-08,-0.017164784683730616
2019-07-09,-0.0035790487989537656
2019-07-11,-0.0014332768291505096
2019-07-12,0.011476495254910679
2019-07-15,-0.0215395236451501
2019-07-16,0.008625694617234836
2019-07-17,-0.007193448428508331
2019-07-19,-0.0021634215343651064
2019-07-22,-0.003610960654417239
2019-07-23,0.015904572564612418
2019-07-24,0.049175312213167184
2019-07-26,-0.019483763530391274
2019-07-31,0.003586553184445451
2019-08-01,-0.050102545044115036
2019-08-02,-0.009291329924679737
2019-08-05,-0.042827140327518
2019-08-06,0.003567165612523571
2019-08-07,-0.002851463431352341
2019-08-12,0.0014191171453912244
2019-08-14,-0.01627122333478459
2019-08-16,0.03527528288063386
2019-08-19,0.016219808237384226
2019-08-20,-0.005637009133038885
2019-08-21,0.004925841723503299
2019-08-22,-0.012644718533428856
2019-08-23,-0.054024151656210107
2019-08-28,0.023125749632764148
2019-08-30,-0.0034974441754103136
2019-09-03,-0.016080023662911058
2019-09-05,0.02653346224084208
2019-09-10,-0.006941848667699091
2019-09-11,-0.031864018436371884
2019-09-12,0.008301736180403195
2019-09-13,-0.006910482670635876
2019-09-17,-0.020688832009336355
2019-09-18,0.009649541381686944
2019-09-23,-0.007573149741824325
2019-09-24,-0.024083949767761847
2019-09-25,0.026146212371816024
2019-09-27,0.0013749157203103435
2019-09-30,0.004123220869841071
2019-10-01,-0.008928453502040634
2019-10-02,-0.013045315305799
2019-10-03,0.0020595962663215728
2019-10-07,-0.008921736835159066
2019-10-09,0.008953523794386742
2019-10-11,0.031124471283019876
2019-10-14,-0.002771485676215768
2019-10-15,0.030543726388017386
2019-10-16,0.004166555380465287
2019-10-17,0.006250500841413542
2019-10-18,-0.0006939347434442578
2019-10-23,-0.05815857799081293
2019-10-24,-0.0207842040049564
2019-10-28,0.0027771102032095873
2019-10-30,-0.008342469049974488
2019-10-31,0.006962296486718089
2019-11-04,0.027231345588334063
2019-11-05,0.0
2019-11-07,0.0
2019-11-08,-0.00628820960698695
2019-11-11,0.02444429521187297
2019-11-12,0.005584867158027529
2019-11-13,0.004885512576168427
2019-11-14,-0.010464601473094026
2019-11-15,-0.004880926839734068
2019-11-18,0.0
2019-11-19,0.017432349076085485
2019-11-20,-0.001394475730758904
2019-11-21,0.004882956603393995
2019-11-22,0.0013954674144940338
2019-11-27,0.01810997254035229
2019-11-29,-0.0027831671907407873
2019-12-02,-0.0006948063227374401
2019-12-03,-0.007633587786259444
2019-12-04,0.04435972968289725
2019-12-05,0.002075102757492231
2019-12-10,-0.008922914466737097
2019-12-11,-0.0006846339183441684
2019-12-12,0.019121915343498497
2019-12-18,0.01617963543962464
2019-12-20,0.006019060357799644
2019-12-23,-0.0046598561077400005
2019-12-27,-0.010518198252866595
2019-12-30,0.003275384227764966
2019-12-31,0.007837226827430377
2020-01-02,-0.0071619963438760426
2020-01-03,-0.009089547020926014
2020-01-06,-0.005180250295747424
2020-01-07,-0.010336944637709957
2020-01-08,0.0058024201547312035
2020-01-09,0.008354239529394292
2020-01-10,0.003201142561652825
2020-01-14,0.003812270133551787
2020-01-16,0.01953749939399807
2020-01-17,0.006902793700597321
2020-01-22,0.012457029238084892
2020-01-23,0.014895445431108656
2020-01-27,0.00616705606091139
